,Name,Price,Rating
0,Realme C25S - 4Gb / 128Gb 6000Mah Battery,"৳ 15,342",(305)Bangladesh
1,Samsung Galaxy A03s 4GB/64GB,"৳ 12,763",(170)Bangladesh
2,realme C21Y - 4GB RAM / 64GB ROM,"৳ 12,322",(206)Bangladesh
3,Realme 8 - 8GB RAM / 128GB ROM - 5000 mAh Battery,"৳ 21,930",(195)Bangladesh
4,realme C25Y - (4GB Ram /64GB Rom),"৳ 13,291",(228)Bangladesh
5,Realme 8 5G - 8GB RAM/128GB ROM,"৳ 22,167",(83)Bangladesh
6,Realme C11 4GB/64GB,"৳ 10,786",(33)Bangladesh
7,realme  C11 - 2GB RAM 32GB ROM,"৳ 8,858",(63)Bangladesh
8,Samsung Galaxy Phone A12 - 4/64Gb - 5000 mAh Battery,"৳ 14,186",(46)Bangladesh
9,realme C21Y - 4GB RAM / 64GB ROM,"৳ 12,322",(98)Bangladesh
10,Samsung Galaxy A12 (4/128 Gb) Phone,"৳ 15,134",(40)Bangladesh
11,realme C21Y - 3GB RAM / 32GB ROM,"৳ 11,115",(68)Bangladesh
12,Samsung A03 Core (2/32 GB),"৳ 9,176",(18)Bangladesh
13,"realme C11 - 2GB RAM32GB ROM- Li-Po 5000 mAh, non-removable","৳ 8,858",(32)Bangladesh
14,Realme 8 - 8 + 128 gb,"৳ 21,930",(62)Bangladesh
15,V8 - 64MB RAM and 128MB ROM Max Plus Smartwatch - Black,"৳ 1,690",Bangladesh
16,Samsung Galaxy F22 - 6GB RAM / 128GB ROM - 6000mAh Battery,"৳ 18,918",(91)Bangladesh
17,Galaxy M32 (6GB/128 GB),"৳ 22,702",(2)Bangladesh
18,Motorola Moto G10 Power - 4Gb Ram64Gb Rom,"৳ 15,415",(49)Bangladesh
19,realme C11 - 4GB/64GB,"৳ 10,786",(6)Bangladesh
20,Samsung Galaxy A52 (8/128 GB),"৳ 32,155",(40)Bangladesh
21,Realme Gt Master Edition - 8Gb Ram/128Gb Rom,"৳ 32,981",(75)Bangladesh
22,realme C25Y - (4GB RAM /64GB ROM),"৳ 13,291",(24)Bangladesh
23,Realme GT Master Edition 8GB RAM/128GB ROM,"৳ 32,981",(67)Bangladesh
24,OUKITEL C21  4GB+64GB  4000mAh  Front 20MP + Back 16MP Quad Camera,"৳ 10,499",(54)Bangladesh
25,Umidigi A5 Pro - 6.3 inches FHD - 4GB RAM - 32GB ROM - 4150 mAh Battery,"৳ 11,999",(194)Bangladesh
26,"Krish Tech Back Cover for Samsung Galaxy A22 4G  (White, Shock Proof)",৳ 190,Bangladesh
27,Nokia asha 130 New Full Body Casing With English Keypad,৳ 179,Bangladesh
28,realme gt neo 2-(8gb ram/128gb rom),"৳ 38,497",(35)Bangladesh
29,Samsung Galaxy A03s 4GB/64GB,"৳ 12,763",(33)Bangladesh
30,realme C20A - 5000 mAh battery,"৳ 8,990",(156)Bangladesh
31,Synced Test on 6 July 2017,৳ 245,Bangladesh
32,Nokia 6.2 Smartphone-6.3 inches -4 RAM-64GB ROM-16MP Camera-Ceramic Black,"৳ 20,940",(200)Bangladesh
33,Samsung Galaxy M40 - Smartphone - 6.3  - 6GB RAM - 128GB ROM - 32MP Camera,"৳ 24,490",(255)Bangladesh
34,Linnex LE 101 phone,"৳ 1,522",Bangladesh
35,OPPO F17 Pro Smartphone 8GB/128GB - (6.43''inches ) Full Cover 6D Glass HD Clear Scratchproof Tempered Glass Screen Protector,৳ 210,Bangladesh
36,Vivo y12/y15/y17/y3/y3 (4gb + 64gb)/u10-শকপ্রুফ ম্যাট ফ্রস্টেড এবং স্মোকি স্বচ্ছ প্রিমিয়াম ব্যাক কভার,৳ 199,Bangladesh
37,"Motorola G9 Play - 4Gb Ram/128Gb Rom - Snapdragon 662 - 48Mp Triple Camera - 5,000 Mah Battery","৳ 16,988",(93)Bangladesh
38,OPPO A16 4GB RAM and 64GB ROM Smartphone,"৳ 14,199",(13)Bangladesh
39,"Krish Tech Back Cover for Samsung Galaxy A22 4G  (White, Shock Proof)",৳ 240,Bangladesh
40,Realme C25S - 4Gb / 128Gb 6000Mah Battery,"৳ 15,342",(305)Bangladesh
41,Samsung Galaxy A03s 4GB/64GB,"৳ 12,763",(170)Bangladesh
42,realme C21Y - 4GB RAM / 64GB ROM,"৳ 12,322",(206)Bangladesh
43,Realme 8 - 8GB RAM / 128GB ROM - 5000 mAh Battery,"৳ 21,930",(195)Bangladesh
44,realme C25Y - (4GB Ram /64GB Rom),"৳ 13,291",(228)Bangladesh
45,Realme 8 5G - 8GB RAM/128GB ROM,"৳ 22,167",(83)Bangladesh
46,Realme C11 4GB/64GB,"৳ 10,786",(33)Bangladesh
47,realme  C11 - 2GB RAM 32GB ROM,"৳ 8,858",(63)Bangladesh
48,Samsung Galaxy Phone A12 - 4/64Gb - 5000 mAh Battery,"৳ 14,186",(46)Bangladesh
49,realme C21Y - 4GB RAM / 64GB ROM,"৳ 12,322",(98)Bangladesh
50,Samsung Galaxy A12 (4/128 Gb) Phone,"৳ 15,134",(40)Bangladesh
51,realme C21Y - 3GB RAM / 32GB ROM,"৳ 11,115",(68)Bangladesh
52,Samsung A03 Core (2/32 GB),"৳ 9,176",(18)Bangladesh
53,"realme C11 - 2GB RAM32GB ROM- Li-Po 5000 mAh, non-removable","৳ 8,858",(32)Bangladesh
54,Realme 8 - 8 + 128 gb,"৳ 21,930",(62)Bangladesh
55,V8 - 64MB RAM and 128MB ROM Max Plus Smartwatch - Black,"৳ 1,690",Bangladesh
56,Samsung Galaxy F22 - 6GB RAM / 128GB ROM - 6000mAh Battery,"৳ 18,918",(91)Bangladesh
57,Galaxy M32 (6GB/128 GB),"৳ 22,702",(2)Bangladesh
58,Motorola Moto G10 Power - 4Gb Ram64Gb Rom,"৳ 15,415",(49)Bangladesh
59,realme C11 - 4GB/64GB,"৳ 10,786",(6)Bangladesh
60,Samsung Galaxy A52 (8/128 GB),"৳ 32,155",(40)Bangladesh
61,Realme Gt Master Edition - 8Gb Ram/128Gb Rom,"৳ 32,981",(75)Bangladesh
62,realme C25Y - (4GB RAM /64GB ROM),"৳ 13,291",(24)Bangladesh
63,Realme GT Master Edition 8GB RAM/128GB ROM,"৳ 32,981",(67)Bangladesh
64,OUKITEL C21  4GB+64GB  4000mAh  Front 20MP + Back 16MP Quad Camera,"৳ 10,499",(54)Bangladesh
65,Umidigi A5 Pro - 6.3 inches FHD - 4GB RAM - 32GB ROM - 4150 mAh Battery,"৳ 11,999",(194)Bangladesh
66,"Krish Tech Back Cover for Samsung Galaxy A22 4G  (White, Shock Proof)",৳ 190,Bangladesh
67,Nokia asha 130 New Full Body Casing With English Keypad,৳ 179,Bangladesh
68,realme gt neo 2-(8gb ram/128gb rom),"৳ 38,497",(35)Bangladesh
69,Samsung Galaxy A03s 4GB/64GB,"৳ 12,763",(33)Bangladesh
70,realme C20A - 5000 mAh battery,"৳ 8,990",(156)Bangladesh
71,Synced Test on 6 July 2017,৳ 245,Bangladesh
72,Nokia 6.2 Smartphone-6.3 inches -4 RAM-64GB ROM-16MP Camera-Ceramic Black,"৳ 20,940",(200)Bangladesh
73,Samsung Galaxy M40 - Smartphone - 6.3  - 6GB RAM - 128GB ROM - 32MP Camera,"৳ 24,490",(255)Bangladesh
74,Linnex LE 101 phone,"৳ 1,522",Bangladesh
75,OPPO F17 Pro Smartphone 8GB/128GB - (6.43''inches ) Full Cover 6D Glass HD Clear Scratchproof Tempered Glass Screen Protector,৳ 210,Bangladesh
76,Vivo y12/y15/y17/y3/y3 (4gb + 64gb)/u10-শকপ্রুফ ম্যাট ফ্রস্টেড এবং স্মোকি স্বচ্ছ প্রিমিয়াম ব্যাক কভার,৳ 199,Bangladesh
77,"Motorola G9 Play - 4Gb Ram/128Gb Rom - Snapdragon 662 - 48Mp Triple Camera - 5,000 Mah Battery","৳ 16,988",(93)Bangladesh
78,OPPO A16 4GB RAM and 64GB ROM Smartphone,"৳ 14,199",(13)Bangladesh
79,"Krish Tech Back Cover for Samsung Galaxy A22 4G  (White, Shock Proof)",৳ 240,Bangladesh
80,Realme C25S - 4Gb / 128Gb 6000Mah Battery,"৳ 15,342",(305)Bangladesh
81,Samsung Galaxy A03s 4GB/64GB,"৳ 12,763",(170)Bangladesh
82,realme C21Y - 4GB RAM / 64GB ROM,"৳ 12,322",(206)Bangladesh
83,Realme 8 - 8GB RAM / 128GB ROM - 5000 mAh Battery,"৳ 21,930",(195)Bangladesh
84,realme C25Y - (4GB Ram /64GB Rom),"৳ 13,291",(228)Bangladesh
85,Realme 8 5G - 8GB RAM/128GB ROM,"৳ 22,167",(83)Bangladesh
86,Realme C11 4GB/64GB,"৳ 10,786",(33)Bangladesh
87,realme  C11 - 2GB RAM 32GB ROM,"৳ 8,858",(63)Bangladesh
88,Samsung Galaxy Phone A12 - 4/64Gb - 5000 mAh Battery,"৳ 14,186",(46)Bangladesh
89,realme C21Y - 4GB RAM / 64GB ROM,"৳ 12,322",(98)Bangladesh
90,Samsung Galaxy A12 (4/128 Gb) Phone,"৳ 15,134",(40)Bangladesh
91,realme C21Y - 3GB RAM / 32GB ROM,"৳ 11,115",(68)Bangladesh
92,Samsung A03 Core (2/32 GB),"৳ 9,176",(18)Bangladesh
93,"realme C11 - 2GB RAM32GB ROM- Li-Po 5000 mAh, non-removable","৳ 8,858",(32)Bangladesh
94,Realme 8 - 8 + 128 gb,"৳ 21,930",(62)Bangladesh
95,V8 - 64MB RAM and 128MB ROM Max Plus Smartwatch - Black,"৳ 1,690",Bangladesh
96,Samsung Galaxy F22 - 6GB RAM / 128GB ROM - 6000mAh Battery,"৳ 18,918",(91)Bangladesh
97,Galaxy M32 (6GB/128 GB),"৳ 22,702",(2)Bangladesh
98,Motorola Moto G10 Power - 4Gb Ram64Gb Rom,"৳ 15,415",(49)Bangladesh
99,realme C11 - 4GB/64GB,"৳ 10,786",(6)Bangladesh
100,Samsung Galaxy A52 (8/128 GB),"৳ 32,155",(40)Bangladesh
101,Realme Gt Master Edition - 8Gb Ram/128Gb Rom,"৳ 32,981",(75)Bangladesh
102,realme C25Y - (4GB RAM /64GB ROM),"৳ 13,291",(24)Bangladesh
103,Realme GT Master Edition 8GB RAM/128GB ROM,"৳ 32,981",(67)Bangladesh
104,OUKITEL C21  4GB+64GB  4000mAh  Front 20MP + Back 16MP Quad Camera,"৳ 10,499",(54)Bangladesh
105,Umidigi A5 Pro - 6.3 inches FHD - 4GB RAM - 32GB ROM - 4150 mAh Battery,"৳ 11,999",(194)Bangladesh
106,"Krish Tech Back Cover for Samsung Galaxy A22 4G  (White, Shock Proof)",৳ 190,Bangladesh
107,Nokia asha 130 New Full Body Casing With English Keypad,৳ 179,Bangladesh
108,realme gt neo 2-(8gb ram/128gb rom),"৳ 38,497",(35)Bangladesh
109,Samsung Galaxy A03s 4GB/64GB,"৳ 12,763",(33)Bangladesh
110,realme C20A - 5000 mAh battery,"৳ 8,990",(156)Bangladesh
111,Synced Test on 6 July 2017,৳ 245,Bangladesh
112,Nokia 6.2 Smartphone-6.3 inches -4 RAM-64GB ROM-16MP Camera-Ceramic Black,"৳ 20,940",(200)Bangladesh
113,Samsung Galaxy M40 - Smartphone - 6.3  - 6GB RAM - 128GB ROM - 32MP Camera,"৳ 24,490",(255)Bangladesh
114,Linnex LE 101 phone,"৳ 1,522",Bangladesh
115,OPPO F17 Pro Smartphone 8GB/128GB - (6.43''inches ) Full Cover 6D Glass HD Clear Scratchproof Tempered Glass Screen Protector,৳ 210,Bangladesh
116,Vivo y12/y15/y17/y3/y3 (4gb + 64gb)/u10-শকপ্রুফ ম্যাট ফ্রস্টেড এবং স্মোকি স্বচ্ছ প্রিমিয়াম ব্যাক কভার,৳ 199,Bangladesh
117,"Motorola G9 Play - 4Gb Ram/128Gb Rom - Snapdragon 662 - 48Mp Triple Camera - 5,000 Mah Battery","৳ 16,988",(93)Bangladesh
118,OPPO A16 4GB RAM and 64GB ROM Smartphone,"৳ 14,199",(13)Bangladesh
119,"Krish Tech Back Cover for Samsung Galaxy A22 4G  (White, Shock Proof)",৳ 240,Bangladesh
120,realme 9i (4GB+64GB),"৳ 16,847",(32)Bangladesh
121,realme 9i (6GB+128GB),"৳ 18,775",(15)Bangladesh
122,Samsung Galaxy Metro 313 / B313E Full Complete Mobile Casing / Cashing / Housing with Body,৳ 140,Bangladesh
123,realme C21Y - 3GB RAM / 32GB ROM,"৳ 11,115",(25)Bangladesh
124,realme narzo 50i-4gb ram64gb rom- 5000mAh,"৳ 10,837",(974)Bangladesh
125,Realme C21 - 4GB / 64GB,"৳ 11,672",(9)Bangladesh
126,realme 9i (6GB+128GB),"৳ 18,775",(5)Bangladesh
127,Realme C20A - 5000 Mah Battery,"৳ 8,755",(67)Bangladesh
128,CAPAS for Asus Zenfone Max ZC550KL (Z010D) Case Armor Hard PC Kickstand Shockproof Protective Cover,৳ 587,China
129,realme Narzo 50i - (4GB Ram /64GB Rom),"৳ 10,837",(32)Bangladesh
130,"CAPAS for Asus Zenfone Max (M2) ZB633KL (X01AD,X01BD) Case Armor Hard PC Kickstand Shockproof Protective Cover",৳ 587,(1)China
131,Samsung Galaxy M12 - 6Gb/128Gb,"৳ 17,970",(35)Bangladesh
132,Realme 8 5G - 8GB RAM/128GB ROM,"৳ 22,167",(37)Bangladesh
133,Realme Narzo 30 - 6GB RAM/128GB ROM - 5000mAH Battery,"৳ 19,579",(75)Bangladesh
134,Music Earphone For Lenovo Vibe P1 P2 B C C2 Power Z5 S5 ZUK Z1 Z2 Pro K5 Plus K3 Note A1000 A6010 Bluetooth Headphone Headset,"৳ 1,124",China
135,realme GT NEO 2 - 8GB Ram 128GB Rom,"৳ 38,497",(52)Bangladesh
136,Realme C20A - 5000 Mah Battery,"৳ 8,990",(31)Bangladesh
137,Realme C21 - 3GB / 32GB,"৳ 10,990",(1)Bangladesh
138,Samsung Galaxy A53,"৳ 45,000",Bangladesh
139,Samsung Galaxy A03 (3GB/32GB),"৳ 11,351",Bangladesh
140,Samsung Galaxy A03 (4GB/64GB),"৳ 13,000",Bangladesh
141,E-BOOK Reader E-Ink 6 inch E-reader 800x600 Resolution Display 300DPI Blue Cover 16GB 8GB 4GB,"৳ 7,007",China
142,Realme 8 pro-8GB-128GB,"৳ 27,990",(19)Bangladesh
143,Left ROM 2019 New Mens Fashion Suede Z Pin Buckle Business Belts / High Quality Leisure Male Belts / Men Belts Jeans Belts,"৳ 1,441",China
144,Bluetooth Earphone For Asus Zenfone 3 Deluxe ZE551ML Padfone S Max ZC550KL ZB555KL Headphone Wireless Headset Sport Earpiece,"৳ 1,122",China
145,for Nokia asha 216 New Full Body Casing,৳ 180,Bangladesh
146,Samsung Galaxy A52s 5G 8GB128GB,"৳ 42,557",(15)Bangladesh
147,OPPO F17 Pro Smartphone 8GB/128GB - (6.43''inches ) Full Cover 6D Glass HD Clear Scratchproof Tempered Glass Screen Protector,৳ 200,Bangladesh
148,vivo Y12 / Y15 / Y17 / Y3 / Y3 (4GB+64GB) / U10 - Shockproof Matte Frosted and Smoky Transparent Premium Back Cover,৳ 126,Bangladesh
149,Vivo y12/y15/y17/y3/y3 (4gb + 64gb)/u10-শকপ্রুফ ম্যাট ফ্রস্টেড এবং স্মোকি স্বচ্ছ প্রিমিয়াম ব্যাক কভার,৳ 199,Bangladesh
150,For Nokia Asha 300 Front & Back Side Mobile Casing / Housing / Cashing with Keypad,৳ 249,Bangladesh
151,Infinix Smart 4 / Infinix Smart 4c ▶ c Bumper a Frosted Shockproof Protection Casing Hard Phone Case Matte Back Cover,৳ 299,Bangladesh
152,Aocarmo Touch ID Fingerprint Home Button Key Adhesive Gasket Bracket Mat With Sticker For Samsung Galaxy S7 Edge GM-G935,"৳ 1,050",China
153,Nokia asha 216 New Full Body Chasing With English Keypad - Black,৳ 299,Bangladesh
154,Back Cover For Desire 728 Dual SIM Smartphone - Black,"৳ 2,999",Bangladesh
155,Oppo F17 - 8/128 GB +【100% Premium Quality】iRonman Armor Kickstand Back Cover .....,৳ 320,Bangladesh
156,OPPO F17 Pro Smartphone 8GB/128GB【100% Premium Quality】iRonman Armor Kickstand Back Cover .....,৳ 320,Bangladesh
157,Case-Mate Barely There Hard Back Case Cover for Asus Zenfone Live ZB501KL,৳ 290,Bangladesh
158,Nokia asha 225 New Full Body Casing With English Keypad,৳ 379,(1)Bangladesh
159,Samsung Galaxy A52s 5G 8GB128GB,"৳ 43,505",(6)Bangladesh
160,realme 9i (4GB+64GB),"৳ 16,847",(32)Bangladesh
161,realme 9i (6GB+128GB),"৳ 18,775",(15)Bangladesh
162,Samsung Galaxy Metro 313 / B313E Full Complete Mobile Casing / Cashing / Housing with Body,৳ 140,Bangladesh
163,realme C21Y - 3GB RAM / 32GB ROM,"৳ 11,115",(25)Bangladesh
164,realme narzo 50i-4gb ram64gb rom- 5000mAh,"৳ 10,837",(974)Bangladesh
165,Realme C21 - 4GB / 64GB,"৳ 11,672",(9)Bangladesh
166,realme 9i (6GB+128GB),"৳ 18,775",(5)Bangladesh
167,Realme C20A - 5000 Mah Battery,"৳ 8,755",(67)Bangladesh
168,CAPAS for Asus Zenfone Max ZC550KL (Z010D) Case Armor Hard PC Kickstand Shockproof Protective Cover,৳ 587,China
169,realme Narzo 50i - (4GB Ram /64GB Rom),"৳ 10,837",(32)Bangladesh
170,"CAPAS for Asus Zenfone Max (M2) ZB633KL (X01AD,X01BD) Case Armor Hard PC Kickstand Shockproof Protective Cover",৳ 587,(1)China
171,Samsung Galaxy M12 - 6Gb/128Gb,"৳ 17,970",(35)Bangladesh
172,Realme 8 5G - 8GB RAM/128GB ROM,"৳ 22,167",(37)Bangladesh
173,Realme Narzo 30 - 6GB RAM/128GB ROM - 5000mAH Battery,"৳ 19,579",(75)Bangladesh
174,Music Earphone For Lenovo Vibe P1 P2 B C C2 Power Z5 S5 ZUK Z1 Z2 Pro K5 Plus K3 Note A1000 A6010 Bluetooth Headphone Headset,"৳ 1,124",China
175,realme GT NEO 2 - 8GB Ram 128GB Rom,"৳ 38,497",(52)Bangladesh
176,Realme C20A - 5000 Mah Battery,"৳ 8,990",(31)Bangladesh
177,Realme C21 - 3GB / 32GB,"৳ 10,990",(1)Bangladesh
178,Samsung Galaxy A53,"৳ 45,000",Bangladesh
179,Samsung Galaxy A03 (3GB/32GB),"৳ 11,351",Bangladesh
180,Samsung Galaxy A03 (4GB/64GB),"৳ 13,000",Bangladesh
181,E-BOOK Reader E-Ink 6 inch E-reader 800x600 Resolution Display 300DPI Blue Cover 16GB 8GB 4GB,"৳ 7,007",China
182,Realme 8 pro-8GB-128GB,"৳ 27,990",(19)Bangladesh
183,Left ROM 2019 New Mens Fashion Suede Z Pin Buckle Business Belts / High Quality Leisure Male Belts / Men Belts Jeans Belts,"৳ 1,441",China
184,Bluetooth Earphone For Asus Zenfone 3 Deluxe ZE551ML Padfone S Max ZC550KL ZB555KL Headphone Wireless Headset Sport Earpiece,"৳ 1,122",China
185,for Nokia asha 216 New Full Body Casing,৳ 180,Bangladesh
186,Samsung Galaxy A52s 5G 8GB128GB,"৳ 42,557",(15)Bangladesh
187,OPPO F17 Pro Smartphone 8GB/128GB - (6.43''inches ) Full Cover 6D Glass HD Clear Scratchproof Tempered Glass Screen Protector,৳ 200,Bangladesh
188,vivo Y12 / Y15 / Y17 / Y3 / Y3 (4GB+64GB) / U10 - Shockproof Matte Frosted and Smoky Transparent Premium Back Cover,৳ 126,Bangladesh
189,Vivo y12/y15/y17/y3/y3 (4gb + 64gb)/u10-শকপ্রুফ ম্যাট ফ্রস্টেড এবং স্মোকি স্বচ্ছ প্রিমিয়াম ব্যাক কভার,৳ 199,Bangladesh
190,For Nokia Asha 300 Front & Back Side Mobile Casing / Housing / Cashing with Keypad,৳ 249,Bangladesh
191,Samsung Galaxy F22 (6/128Gb),"৳ 18,444",(26)Bangladesh
192,Samsung Galaxy A12 (4/128 GB),"৳ 15,608",(26)Bangladesh
193,Infinix Smart 4 / Infinix Smart 4c ▶ c Bumper a Frosted Shockproof Protection Casing Hard Phone Case Matte Back Cover,৳ 299,Bangladesh
194,Samsung Galaxy M02 3/32 Gb Phone,"৳ 9,454",(24)Bangladesh
195,Aocarmo Touch ID Fingerprint Home Button Key Adhesive Gasket Bracket Mat With Sticker For Samsung Galaxy S7 Edge GM-G935,"৳ 1,050",China
196,Nokia asha 216 New Full Body Chasing With English Keypad - Black,৳ 299,Bangladesh
197,"For Symphony Z15, Print Back Cover",৳ 150,Bangladesh
198,Samsung Galaxy M02 2/32 GB,"৳ 8,134",(39)Bangladesh
199,Back Cover For Desire 728 Dual SIM Smartphone - Black,"৳ 2,999",Bangladesh
200,Realme C25S - 4Gb / 128Gb 6000Mah Battery,"৳ 15,342",(305)Bangladesh
201,Samsung Galaxy A03s 4GB/64GB,"৳ 12,763",(170)Bangladesh
202,realme C21Y - 4GB RAM / 64GB ROM,"৳ 12,322",(206)Bangladesh
203,Realme 8 - 8GB RAM / 128GB ROM - 5000 mAh Battery,"৳ 21,930",(195)Bangladesh
204,realme 9i (4GB+64GB),"৳ 16,847",(32)Bangladesh
205,realme C25Y - (4GB Ram /64GB Rom),"৳ 13,291",(228)Bangladesh
206,Realme 8 5G - 8GB RAM/128GB ROM,"৳ 22,167",(83)Bangladesh
207,Realme C11 4GB/64GB,"৳ 10,786",(33)Bangladesh
208,realme 9i (6GB+128GB),"৳ 18,775",(15)Bangladesh
209,realme  C11 - 2GB RAM 32GB ROM,"৳ 8,858",(63)Bangladesh
210,Samsung Galaxy Phone A12 - 4/64Gb - 5000 mAh Battery,"৳ 14,186",(46)Bangladesh
211,realme C21Y - 4GB RAM / 64GB ROM,"৳ 12,322",(98)Bangladesh
212,Samsung Galaxy Metro 313 / B313E Full Complete Mobile Casing / Cashing / Housing with Body,৳ 140,Bangladesh
213,Samsung Galaxy A12 (4/128 Gb) Phone,"৳ 15,134",(40)Bangladesh
214,realme C21Y - 3GB RAM / 32GB ROM,"৳ 11,115",(25)Bangladesh
215,realme C21Y - 3GB RAM / 32GB ROM,"৳ 11,115",(68)Bangladesh
216,Samsung A03 Core (2/32 GB),"৳ 9,176",(18)Bangladesh
217,"realme C11 - 2GB RAM32GB ROM- Li-Po 5000 mAh, non-removable","৳ 8,858",(32)Bangladesh
218,Realme 8 - 8 + 128 gb,"৳ 21,930",(62)Bangladesh
219,V8 - 64MB RAM and 128MB ROM Max Plus Smartwatch - Black,"৳ 1,690",Bangladesh
220,realme narzo 50i-4gb ram64gb rom- 5000mAh,"৳ 10,837",(974)Bangladesh
221,Realme C21 - 4GB / 64GB,"৳ 11,672",(9)Bangladesh
222,Samsung Galaxy F22 - 6GB RAM / 128GB ROM - 6000mAh Battery,"৳ 18,918",(91)Bangladesh
223,Galaxy M32 (6GB/128 GB),"৳ 22,702",(2)Bangladesh
224,Motorola Moto G10 Power - 4Gb Ram64Gb Rom,"৳ 15,415",(49)Bangladesh
225,realme 9i (6GB+128GB),"৳ 18,775",(5)Bangladesh
226,realme C11 - 4GB/64GB,"৳ 10,786",(6)Bangladesh
227,Samsung Galaxy A52 (8/128 GB),"৳ 32,155",(40)Bangladesh
228,Realme C20A - 5000 Mah Battery,"৳ 8,755",(67)Bangladesh
229,Realme Gt Master Edition - 8Gb Ram/128Gb Rom,"৳ 32,981",(75)Bangladesh
230,CAPAS for Asus Zenfone Max ZC550KL (Z010D) Case Armor Hard PC Kickstand Shockproof Protective Cover,৳ 587,China
231,realme C25Y - (4GB RAM /64GB ROM),"৳ 13,291",(24)Bangladesh
232,realme Narzo 50i - (4GB Ram /64GB Rom),"৳ 10,837",(32)Bangladesh
233,Realme GT Master Edition 8GB RAM/128GB ROM,"৳ 32,981",(67)Bangladesh
234,OUKITEL C21  4GB+64GB  4000mAh  Front 20MP + Back 16MP Quad Camera,"৳ 10,499",(54)Bangladesh
235,"CAPAS for Asus Zenfone Max (M2) ZB633KL (X01AD,X01BD) Case Armor Hard PC Kickstand Shockproof Protective Cover",৳ 587,(1)China
236,Samsung Galaxy M12 - 6Gb/128Gb,"৳ 17,970",(35)Bangladesh
237,Umidigi A5 Pro - 6.3 inches FHD - 4GB RAM - 32GB ROM - 4150 mAh Battery,"৳ 11,999",(194)Bangladesh
238,"Krish Tech Back Cover for Samsung Galaxy A22 4G  (White, Shock Proof)",৳ 190,Bangladesh
239,Realme 8 5G - 8GB RAM/128GB ROM,"৳ 22,167",(37)Bangladesh
240,Nokia asha 130 New Full Body Casing With English Keypad,৳ 179,Bangladesh
241,Realme Narzo 30 - 6GB RAM/128GB ROM - 5000mAH Battery,"৳ 19,579",(75)Bangladesh
242,Music Earphone For Lenovo Vibe P1 P2 B C C2 Power Z5 S5 ZUK Z1 Z2 Pro K5 Plus K3 Note A1000 A6010 Bluetooth Headphone Headset,"৳ 1,124",China
243,realme GT NEO 2 - 8GB Ram 128GB Rom,"৳ 38,497",(52)Bangladesh
244,realme gt neo 2-(8gb ram/128gb rom),"৳ 38,497",(35)Bangladesh
245,Realme C20A - 5000 Mah Battery,"৳ 8,990",(31)Bangladesh
246,Samsung Galaxy A03s 4GB/64GB,"৳ 12,763",(33)Bangladesh
247,Realme C21 - 3GB / 32GB,"৳ 10,990",(1)Bangladesh
248,realme C20A - 5000 mAh battery,"৳ 8,990",(156)Bangladesh
249,Synced Test on 6 July 2017,৳ 245,Bangladesh
250,Nokia 6.2 Smartphone-6.3 inches -4 RAM-64GB ROM-16MP Camera-Ceramic Black,"৳ 20,940",(200)Bangladesh
251,Samsung Galaxy A53,"৳ 45,000",Bangladesh
252,Samsung Galaxy A03 (3GB/32GB),"৳ 11,351",Bangladesh
253,Samsung Galaxy A03 (4GB/64GB),"৳ 13,000",Bangladesh
254,Samsung Galaxy M40 - Smartphone - 6.3  - 6GB RAM - 128GB ROM - 32MP Camera,"৳ 24,490",(255)Bangladesh
255,E-BOOK Reader E-Ink 6 inch E-reader 800x600 Resolution Display 300DPI Blue Cover 16GB 8GB 4GB,"৳ 7,007",China
256,Linnex LE 101 phone,"৳ 1,522",Bangladesh
257,Realme 8 pro-8GB-128GB,"৳ 27,990",(19)Bangladesh
258,OPPO F17 Pro Smartphone 8GB/128GB - (6.43''inches ) Full Cover 6D Glass HD Clear Scratchproof Tempered Glass Screen Protector,৳ 210,Bangladesh
259,Vivo y12/y15/y17/y3/y3 (4gb + 64gb)/u10-শকপ্রুফ ম্যাট ফ্রস্টেড এবং স্মোকি স্বচ্ছ প্রিমিয়াম ব্যাক কভার,৳ 199,Bangladesh
260,"Motorola G9 Play - 4Gb Ram/128Gb Rom - Snapdragon 662 - 48Mp Triple Camera - 5,000 Mah Battery","৳ 16,988",(93)Bangladesh
261,OPPO A16 4GB RAM and 64GB ROM Smartphone,"৳ 14,199",(13)Bangladesh
262,"Krish Tech Back Cover for Samsung Galaxy A22 4G  (White, Shock Proof)",৳ 240,Bangladesh
263,Left ROM 2019 New Mens Fashion Suede Z Pin Buckle Business Belts / High Quality Leisure Male Belts / Men Belts Jeans Belts,"৳ 1,441",China
264,Bluetooth Earphone For Asus Zenfone 3 Deluxe ZE551ML Padfone S Max ZC550KL ZB555KL Headphone Wireless Headset Sport Earpiece,"৳ 1,122",China
265,for Nokia asha 216 New Full Body Casing,৳ 180,Bangladesh
266,Samsung Galaxy A52s 5G 8GB128GB,"৳ 42,557",(15)Bangladesh
267,OPPO F17 Pro Smartphone 8GB/128GB - (6.43''inches ) Full Cover 6D Glass HD Clear Scratchproof Tempered Glass Screen Protector,৳ 200,Bangladesh
268,vivo Y12 / Y15 / Y17 / Y3 / Y3 (4GB+64GB) / U10 - Shockproof Matte Frosted and Smoky Transparent Premium Back Cover,৳ 126,Bangladesh
269,Vivo y12/y15/y17/y3/y3 (4gb + 64gb)/u10-শকপ্রুফ ম্যাট ফ্রস্টেড এবং স্মোকি স্বচ্ছ প্রিমিয়াম ব্যাক কভার,৳ 199,Bangladesh
270,For Nokia Asha 300 Front & Back Side Mobile Casing / Housing / Cashing with Keypad,৳ 249,Bangladesh
271,Samsung Galaxy F22 (6/128Gb),"৳ 18,444",(26)Bangladesh
272,Samsung Galaxy A12 (4/128 GB),"৳ 15,608",(26)Bangladesh
273,Infinix Smart 4 / Infinix Smart 4c ▶ c Bumper a Frosted Shockproof Protection Casing Hard Phone Case Matte Back Cover,৳ 299,Bangladesh
274,Samsung Galaxy M02 3/32 Gb Phone,"৳ 9,454",(24)Bangladesh
275,Aocarmo Touch ID Fingerprint Home Button Key Adhesive Gasket Bracket Mat With Sticker For Samsung Galaxy S7 Edge GM-G935,"৳ 1,050",China
276,Nokia asha 216 New Full Body Chasing With English Keypad - Black,৳ 299,Bangladesh
277,"For Symphony Z15, Print Back Cover",৳ 150,Bangladesh
278,Samsung Galaxy M02 2/32 GB,"৳ 8,134",(39)Bangladesh
279,Back Cover For Desire 728 Dual SIM Smartphone - Black,"৳ 2,999",Bangladesh
280,Samsung Galaxy F22 (6/128Gb),"৳ 18,444",(26)Bangladesh
281,Samsung Galaxy A12 (4/128 GB),"৳ 15,608",(26)Bangladesh
282,Samsung Galaxy M02 3/32 Gb Phone,"৳ 9,454",(24)Bangladesh
283,"For Symphony Z15, Print Back Cover",৳ 150,Bangladesh
284,Samsung Galaxy M02 2/32 GB,"৳ 8,134",(39)Bangladesh
285,"For Symphony Z15, Print Back Cover",৳ 99,Bangladesh
286,Replace AMOLED Touch Screen Digitizer for Samsung Galaxy J7 Neo J701 J701F J701M,"৳ 2,119",China
287,For Umidigi Power 5 Case + Free Tempered Glass Screen Protector Soft Matte Silicone Umidigi Power5 Back Cover,৳ 619,China
288,Nokia asha 130 New Full Body Chasing With English Keypad - Black,৳ 300,Bangladesh
289,TITANIC T2 (Alpha 6) Mobile - 2/16 GB,"৳ 5,190",Bangladesh
290,Realme c21-3GB/32GB - 5000mAh Battery,"৳ 10,819",(109)Bangladesh
291,"Tecno SPARK 7 - (3GB , 64GB)","৳ 11,342",(11)Bangladesh
292,Samsung Galaxy A32 - 6GB/128GB,"৳ 26,999",(1)Bangladesh
293,Motorola moto G60 - 6GB / 128GB,"৳ 27,658",(22)Bangladesh
294,Samsung Galaxy A32 8Gb/128Gb 5000 Mah Battery,"৳ 26,485",(19)Bangladesh
295,Nokia asha 220 New Full Body Chasing With English Keypad - Black,৳ 419,Bangladesh
296,Samsung Galaxy A32 - 6GB128GB,"৳ 25,536",(12)Bangladesh
297,Nokia asha 130 New Full Body Chasing With English Keypad,৳ 249,Bangladesh
298,Back Cover For Desire 728 Dual SIM Smartphone - Black,"৳ 2,999",Bangladesh
299,For Nokia Asha 208 Front & Back Side Mobile Casing / Housing / Cashing with Keypad For Nokia Asha,৳ 199,Bangladesh
300,Nokia asha 216 New Full Body Casing With English Keypad,৳ 290,Bangladesh
301,For Umidigi Power 5 Case + Daisy Flowers Folding Stand Umidigi Power5 Back Cover,৳ 619,China
302,OPPO F17 Pro Smartphone 8GB/128GB - (6.43''inches ) Full Cover 6D Glass HD Clear Scratchproof Tempered Glass Screen Protector,৳ 210,Bangladesh
303,Motorola Moto G10 Power - 4GB RAM/64GB ROM,"৳ 14,999",(56)Bangladesh
304,For Nokia Asha 203 Front & Back Side Mobile Casing / Housing / Cashing with Keypad,৳ 250,Bangladesh
305,Realme C3 - Helio G70 (100% Premium Quality) DESIGNED IN HONG KONG Scratchproof Tempered Glass Case Back Cover Casing ..,৳ 350,Bangladesh
306,Motorola Edge 20 Fusion (8+128 GB),"৳ 38,999",Bangladesh
307,Samsung Galaxy A72 - 8GB RAM / 256GB ROM - 5000 mAh Battery,"৳ 44,454",(5)Bangladesh
308,Motorola G8 Power Lite 5000Mah Battery,"৳ 14,834",(70)Bangladesh
309,For Tecno Spark 6 GO Case Shockproof Stand Phone Cover with Holder Ring Case for Tecno Spark6 GO Car Magnet Cases,৳ 489,China
310,Nokia 3.4 4GB/64GB,"৳ 14,999",(2)Bangladesh
311,Nokia asha 225 New Full Body Chasing  With English Keypad,৳ 379,Bangladesh
312,Tecno SPARK GO 2022 - (2+32GB),"৳ 9,744",(1)Bangladesh
313,Samsung Galaxy M31 - 8GB RAM/128GB ROM Super Light Frameless Case Transparent Cover Clear Phone Ring Casing Back Cover,৳ 245,Bangladesh
314,Samsung Galaxy M62 - 8GB 128GB,"৳ 34,132",(7)Bangladesh
315,Tecno SPARK 6 GO (2+32GB),"৳ 8,868",(4)Bangladesh
316,OPPO Reno6 8GB RAM 128GB ROM - 4310 mAh Battery,"৳ 32,141",(5)Bangladesh
317,Oppo F17 - 8/128 GB +【100% Premium Quality】iRonman Armor Kickstand Back Cover .....,৳ 320,Bangladesh
318,Infinix Smart 4 / Infinix Smart 4c ▶ a Bumper a Frosted Shockproof Protection Casing Hard Phone Case Matte Back Cover,৳ 299,Bangladesh
319,Nokia G20 4GB/64GB,"৳ 14,999",(2)Bangladesh
320,Oppo F17 - 8/128 GB +【100% Premium Quality】iRonman Armor Kickstand Back Cover .....,৳ 320,Bangladesh
321,OPPO F17 Pro Smartphone 8GB/128GB【100% Premium Quality】iRonman Armor Kickstand Back Cover .....,৳ 320,Bangladesh
322,Case-Mate Barely There Hard Back Case Cover for Asus Zenfone Live ZB501KL,৳ 290,Bangladesh
323,"For Symphony Z15, Print Back Cover",৳ 99,Bangladesh
324,Nokia asha 225 New Full Body Casing With English Keypad,৳ 379,(1)Bangladesh
325,Samsung Galaxy A52s 5G 8GB128GB,"৳ 43,505",(6)Bangladesh
326,Replace AMOLED Touch Screen Digitizer for Samsung Galaxy J7 Neo J701 J701F J701M,"৳ 2,119",China
327,For Umidigi Power 5 Case + Free Tempered Glass Screen Protector Soft Matte Silicone Umidigi Power5 Back Cover,৳ 619,China
328,Nokia asha 130 New Full Body Chasing With English Keypad - Black,৳ 300,Bangladesh
329,TITANIC T2 (Alpha 6) Mobile - 2/16 GB,"৳ 5,190",Bangladesh
330,Realme c21-3GB/32GB - 5000mAh Battery,"৳ 10,819",(109)Bangladesh
331,"Tecno SPARK 7 - (3GB , 64GB)","৳ 11,342",(11)Bangladesh
332,Samsung Galaxy A32 - 6GB/128GB,"৳ 26,999",(1)Bangladesh
333,Motorola moto G60 - 6GB / 128GB,"৳ 27,658",(22)Bangladesh
334,Samsung Galaxy A32 8Gb/128Gb 5000 Mah Battery,"৳ 26,485",(19)Bangladesh
335,Nokia asha 220 New Full Body Chasing With English Keypad - Black,৳ 419,Bangladesh
336,Samsung Galaxy A32 - 6GB128GB,"৳ 25,536",(12)Bangladesh
337,Nokia asha 130 New Full Body Chasing With English Keypad,৳ 249,Bangladesh
338,Back Cover For Desire 728 Dual SIM Smartphone - Black,"৳ 2,999",Bangladesh
339,For Nokia Asha 208 Front & Back Side Mobile Casing / Housing / Cashing with Keypad For Nokia Asha,৳ 199,Bangladesh
340,Nokia asha 216 New Full Body Casing With English Keypad,৳ 290,Bangladesh
341,For Umidigi Power 5 Case + Daisy Flowers Folding Stand Umidigi Power5 Back Cover,৳ 619,China
342,OPPO F17 Pro Smartphone 8GB/128GB - (6.43''inches ) Full Cover 6D Glass HD Clear Scratchproof Tempered Glass Screen Protector,৳ 210,Bangladesh
343,Motorola Moto G10 Power - 4GB RAM/64GB ROM,"৳ 14,999",(56)Bangladesh
344,For Nokia Asha 203 Front & Back Side Mobile Casing / Housing / Cashing with Keypad,৳ 250,Bangladesh
345,Realme C3 - Helio G70 (100% Premium Quality) DESIGNED IN HONG KONG Scratchproof Tempered Glass Case Back Cover Casing ..,৳ 350,Bangladesh
346,Motorola Edge 20 Fusion (8+128 GB),"৳ 38,999",Bangladesh
347,Samsung Galaxy A72 - 8GB RAM / 256GB ROM - 5000 mAh Battery,"৳ 44,454",(5)Bangladesh
348,Motorola G8 Power Lite 5000Mah Battery,"৳ 14,834",(70)Bangladesh
349,For Tecno Spark 6 GO Case Shockproof Stand Phone Cover with Holder Ring Case for Tecno Spark6 GO Car Magnet Cases,৳ 489,China
350,Nokia 3.4 4GB/64GB,"৳ 14,999",(2)Bangladesh
351,Nokia asha 225 New Full Body Chasing  With English Keypad,৳ 379,Bangladesh
352,Tecno SPARK GO 2022 - (2+32GB),"৳ 9,744",(1)Bangladesh
353,Samsung Galaxy M31 - 8GB RAM/128GB ROM Super Light Frameless Case Transparent Cover Clear Phone Ring Casing Back Cover,৳ 245,Bangladesh
354,Samsung Galaxy M62 - 8GB 128GB,"৳ 34,132",(7)Bangladesh
355,Tecno SPARK 6 GO (2+32GB),"৳ 8,868",(4)Bangladesh
356,OPPO Reno6 8GB RAM 128GB ROM - 4310 mAh Battery,"৳ 32,141",(5)Bangladesh
357,Oppo F17 - 8/128 GB +【100% Premium Quality】iRonman Armor Kickstand Back Cover .....,৳ 320,Bangladesh
358,Infinix Smart 4 / Infinix Smart 4c ▶ a Bumper a Frosted Shockproof Protection Casing Hard Phone Case Matte Back Cover,৳ 299,Bangladesh
359,Nokia G20 4GB/64GB,"৳ 14,999",(2)Bangladesh
360,Realme C3 - Helio G70 (100% Premium Quality) DESIGNED IN HONG KONG Scratchproof Tempered Glass Case Back Cover Casing ..,৳ 350,Bangladesh
361,Motorola Moto G40 Fusion -6Gb / 128Gb,"৳ 24,900",(18)Bangladesh
362,OPPO A16 4GB/64 GB,"৳ 14,444",(4)Bangladesh
363,Nokia asha 215 New Full Body Casing With English Keypad,৳ 379,Bangladesh
364,"Krish Tech Back Cover for Samsung Galaxy A22 4G  (White, Shock Proof)",৳ 240,Bangladesh
365,Motorola Edge 20 Fusion (6+128 GB),"৳ 36,999",Bangladesh
366,Asus Zenfone Go ZC451TG Hard Plastic Back Cover,৳ 300,Bangladesh
367,Nokia 3.4 4GB RAM 64GB ROM- Black,"৳ 14,199",(7)Bangladesh
368,For Nokia Asha 202 Front & Back Side Mobile Casing / Housing / Cashing with Keypad,৳ 199,Bangladesh
369,Vivo y12/y15/y17/y3/y3 (4gb + 64gb)/u10-শকপ্রুফ ম্যাট ফ্রস্টেড এবং স্মোকি স্বচ্ছ প্রিমিয়াম ব্যাক কভার,৳ 199,Bangladesh
370,Gionee E10 features Phone,"৳ 1,144",Bangladesh
371,OPPO F17 Pro Smartphone 8GB/128GB【100% Premium Quality】iRonman Armor Kickstand Back Cover .....,৳ 320,Bangladesh
372,invens City X3 Smartphone,"৳ 4,370",(1)Bangladesh
373,Nokia 3.4 DS Smartphone 3GB RAM 64GB ROM,"৳ 13,500",(31)Bangladesh
374,Motorola Moto E7 Power (4GB/64GB),"৳ 13,868",Bangladesh
375,Vivo y12/y15/y17/y3/y3 (4gb + 64gb)/u10-শকপ্রুফ ম্যাট ফ্রস্টেড এবং স্মোকি স্বচ্ছ প্রিমিয়াম ব্যাক কভার,৳ 199,Bangladesh
376,Tecno Pop 5 LTE,"৳ 10,260",Bangladesh
377,For Nokia Asha 750 Back Shell / Casing / Housing,৳ 280,Bangladesh
378,OPPO A16 4GB/64 GB,"৳ 14,990",(1)Bangladesh
379,Tecno Spark 8c (3GB/64GB),"৳ 11,990",Bangladesh
380,GDL 202 features phone,"৳ 1,428",Bangladesh
381,Walton Primo H9 - 3D Printed Back Cover Case,৳ 250,Bangladesh
382,BENCO C25 features phonbe,"৳ 1,396",Bangladesh
383,For Nokia Lumia 1520 Back Shell / Casing / Housing,৳ 280,Bangladesh
384,Helio S60 Smartphone - 6.2  - 4GB RAM - 64GB ROM - 16MP Camera - Silver,"৳ 21,953",(239)Bangladesh
385,OPPO A95 8GB RAM 128GB ROM - 5000 mAh Battery,"৳ 22,153",(3)Bangladesh
386,"F7 - Smartphone 6.23"" 6GB RAM/128GB ROM 16MP Camera - Diamond Black","৳ 35,493",Bangladesh
387,Nokia G10 DS 4GB/64GB,"৳ 13,499",(2)Bangladesh
388,For Nokia Asha 300 Front & Back Side Mobile Casing / Housing / Cashing with Keypad,৳ 249,Bangladesh
389,Samsung Galaxy A12 Ram 4/ Rom 64 GB,"৳ 14,186",(6)Bangladesh
390,OPPO F19 Pro 8GB/128GB,"৳ 23,999",Bangladesh
391,Samsung Galaxy F22 6GB/128GB,"৳ 19,499",Bangladesh
392,Nokia asha 220 New Full Body Chasing With English Keypad - Black,৳ 500,Bangladesh
393,Samsung Galaxy A51 - Android 10; One UI - 6GB/128GB - Quad Camera - 48MP Camera ( 100% Premium Quality ) iRonman Kickstand Back Phone Case Cover Casing,৳ 350,Bangladesh
394,Nokia asha 216 New Full Body Chasing With English Keypad - Black,৳ 300,Bangladesh
395,Oppo F17 - 8/128 GB +【100% Premium Quality】iRonman Armor Kickstand Back Cover .....,৳ 320,Bangladesh
396,Huawei Nova 7i - 8GB Ram/ 128GB Rom,"৳ 22,999",(7)Bangladesh
397,Nokia asha 220 New Full Body chasing With English Keypad,৳ 395,(2)Bangladesh
398,OPPO F17 Pro Smartphone 8GB/128GB【100% Premium Quality】iRonman Armor Kickstand Back Cover .....,৳ 320,Bangladesh
399,Walton Primo HM5 - 3D Printed Back Case Cover,৳ 250,Bangladesh
400,Samsung Galaxy A03s 4GB/64GB,"৳ 13,999",Bangladesh
401,OPPO F17 Pro Smartphone 8GB/128GB【100% Premium Quality】iRonman Armor Kickstand Back Cover .....,৳ 320,Bangladesh
402,iPhone 13 Pro 128GB,"৳ 147,999",(5)Bangladesh
403,OPPO F19 Pro - 8GB RAM/128GB ROM,"৳ 24,990",(11)Bangladesh
404,Walton Primo NF4 - 3D Printed Back Cover Case,৳ 190,Bangladesh
405,OPPO F17 Pro Smartphone 8GB/128GB【100% Premium Quality】iRonman Armor Kickstand Back Cover .....,৳ 320,Bangladesh
406,Huawei Y7p - 4GB Ram/ 64GB Rom,"৳ 16,499",(6)Bangladesh
407,Walton Primo H9 - 3D Printed Back Cover Case,৳ 250,Bangladesh
408,Walton Primo H9 - 3D Printed Back Cover Case,৳ 250,Bangladesh
409,Walton Primo NF4 - 3D Printed Back Cover Case,৳ 190,Bangladesh
410,Walton Primo NF4 - 3D Printed Back Cover Case,৳ 190,Bangladesh
411,Walton Primo H9 - 3D Printed Back Cover Case,৳ 250,Bangladesh
412,Tecno Camon 15 64Gb Rom / 4Gb Ram - 5000Mah Battery,"৳ 15,990",(45)Bangladesh
413,Walton Primo H9 - 3D Printed Back Cover Case,৳ 250,Bangladesh
414,Walton Primo H9 - 3D Printed Back Cover Case,৳ 250,Bangladesh
415,Huawei Y7 PRO 2019 - Smartphone - 6.26'' - 3GB RAM - 64GB ROM - 16MP Camera - Midnight Black,"৳ 15,687",Bangladesh
416,Walton Primo HM5 - 3D Printed Back Case Cover,৳ 250,Bangladesh
417,Walton Primo H9 - 3D Printed Back Cover Case,৳ 250,Bangladesh
418,Samsung Galaxy M31 - 8GB/128GB,"৳ 27,990",Bangladesh
419,Walton Primo H9 - 3D Printed Back Cover Case,৳ 250,Bangladesh
420,Walton Primo H9 - 3D Printed Back Cover Case,৳ 250,Bangladesh
421,Walton Primo H9 - 3D Printed Back Cover Case,৳ 250,Bangladesh
422,OPPO F19 Smartphone 6GB RAM-128GB ROM,"৳ 21,498",(20)Bangladesh
423,Samsung Galaxy A22 6GB/128GB,"৳ 21,999",Bangladesh
424,For infinix Hot 9 Play Back Cover Shockproof Romantic Flowers Purple Color Design Couple Full Protection Case infinix Hot9 Play Phone cases For girls and Boys,৳ 639,China
425,Walton Primo HM5 - 3D Printed Back Case Cover,৳ 250,Bangladesh
426,samung a 22 4g case book style leather magnetic stand flip case on for samsung galaxy a22 4g sm-a225f/ds 6.4'' card wallet coque,"৳ 1,184",China
427,Bengal BG01 Mini Phone,"৳ 1,491",Bangladesh
428,Samsung Galaxy M02 3GB RAM 32GB ROM,"৳ 9,999",Bangladesh
429,OPPO A16 3GB/32GB,"৳ 12,599",Bangladesh
430,Walton Primo H9 - 3D Printed Back Cover Case,৳ 250,Bangladesh
431,invens Royal R6 Smartphone,"৳ 3,499",(1)Bangladesh
432,Huawei Y8P - 6GB Ram/ 128GB Rom,"৳ 18,999",(4)Bangladesh
433,Samsung Galaxy F22 (6/128GB),"৳ 19,990",Bangladesh
434,Oppo F19 Smartphone 6Gb Ram - 128Gb Rom,"৳ 21,990",(16)Bangladesh
435,Samsung Galaxy A22 - 6GB/128GB,"৳ 21,999",Bangladesh
436,Walton Primo HM5 - 3D Printed Back Case Cover,৳ 250,Bangladesh
437,Walton Primo H9 - 3D Printed Back Cover Case,৳ 250,Bangladesh
438,Samsung Galaxy M02 2GB/32GB,"৳ 8,599",Bangladesh
439,Oppo F17 - 8/128 GB +【100% Premium Quality】iRonman Armor Kickstand Back Cover .....,৳ 320,Bangladesh
440,Huawei Y6p - 4GB Ram/ 64GB Rom,"৳ 13,499",Bangladesh
441,Flip Phone Cover For Samsung Galaxy A32 4G Case on For SamsungA A 32 22 A22 5G A325 Smart Mirror Magnetic Leather Cases,"৳ 1,122",China
442,Vivo Y21 4GB/64GB 5000mah Battery,"৳ 14,990",(4)Bangladesh
443,Tecno SPARK 8 Pro - (6+64GB),"৳ 16,990",Bangladesh
444,Vivo Y21 4GB RAM 64GB ROM - Metallic Blue,"৳ 14,990",(1)Bangladesh
445,Tecno Camon 16 Pro 128Gb Rom + 6Gb Ram,"৳ 18,604",(21)Bangladesh
446,Walton Primo NF4 - 3D Printed Back Cover Case,৳ 190,Bangladesh
447,Protect Cover For Tecno Spark 6 Go Case Clear Transparent Airbag Protector Shockproof Car Magnetic Holder Ring Back Cover Tecno Spark6 GoPhone Cases For girls and Boys,৳ 499,China
448,For infinix Hot 9 Play Back Cover Cute Cartoon Shockproof Happy Rabbits Radish Design Couple Full Protection Case infinix Hot9 Play Phone cases For girls and Boys,৳ 559,China
449,Walton Primo HM5 - 3D Printed Back Case Cover,৳ 250,Bangladesh
450,Walton Primo HM5 - 3D Printed Back Case Cover,৳ 250,Bangladesh
451,Samsung Galaxy A32 6GB/128GB,"৳ 26,999",Bangladesh
452,OPPO F17 Pro Smartphone 8GB/128GB【100% Premium Quality】iRonman Armor Kickstand Back Cover .....,৳ 320,Bangladesh
453,Samsung Galaxy M12 - 6GB/128GB,"৳ 18,499",(1)Bangladesh
454,Walton Primo HM5 - 3D Printed Back Case Cover,৳ 250,Bangladesh
455,Motorola Moto E7 Plus - 4GB RAM/64GB ROM -  48MP Dual Camera - 5000 mAh Battery,"৳ 14,726",(9)Bangladesh
456,Walton Primo HM5 - 3D Printed Back Case Cover,৳ 250,Bangladesh
457,BIRD S1 Smartphone,"৳ 4,270",(3)Bangladesh
458,iPhone 13 128GB,"৳ 113,999",(2)Bangladesh
459,"Samsung Galaxy S8 Plus Smartphone 6.2"" - 4GB RAM - 64GB ROM - Gold","৳ 79,430",(26)Bangladesh
460,Samsung Galaxy M02 3GB/32GB,"৳ 9,999",Bangladesh
461,Oppo a16 (4/64) -কালো,"৳ 14,990",(3)Bangladesh
462,"OPPO A54 6GB128GB- Li-Po 5000 mAh, non-removable","৳ 18,990",(13)Bangladesh
463,iPhone 13 Pro 256GB,"৳ 162,999",(1)Bangladesh
464,Vivo Y21 4GB/64GB - Diamond Glow,"৳ 14,990",Bangladesh
465,OPPO A95 8GB/128GB,"৳ 22,990",(2)Bangladesh
466,Samsung Galaxy A52s 5G 8GB/128GB,"৳ 44,999",Bangladesh
467,OPPO Reno6 8GB/128GB,"৳ 32,990",(4)Bangladesh
468,Huawei P30 Lite - Smartphone - 6.15  - 6GB RAM - 128GB ROM - 24MP Camera,"৳ 23,490",(74)Bangladesh
469,Samsung galaxy A12 4/64 GB - Battery 5000mAh,"৳ 15,000",Bangladesh
470,TECNO CAMON 16 Premier,"৳ 28,832",(7)Bangladesh
471,Huawei Nova 5T - Smartphone - 6.26  - 8GB RAM - 128GB ROM - 32MP Camera,"৳ 47,999",(2)Bangladesh
472,Samsung Galaxy A32 8GB/128GB,"৳ 27,999",Bangladesh
473,Walton Primo GH10- 2GB32 GB- Lithium-polymer 4000 mAh non-removable,"৳ 7,999",(1)Bangladesh
474,Galaxy S20 FE 6'- 8GB RAM- 128GB ROM,"৳ 63,553",(4)Bangladesh
475,Samsung Galaxy A51 - Android 10; One UI - 6GB/128GB -【100% Premium Quality】Smart Clear View Mirror Case Flip Stand Auto Sleep Leather Phone Cover .....,৳ 750,Bangladesh
476,Walton Primo N4 3GB RAM 32GB ROM,"৳ 10,499",(13)Bangladesh
477,invens Royal R2 Smartphone,"৳ 3,499",(1)Bangladesh
478,BIRD ES5506 Smartphone,"৳ 4,170",(12)Bangladesh
479,Apple iPhone 12 Pro Max 256GB,"৳ 139,999",(1)Bangladesh
480,Realme C3 - Helio G70 (100% Premium Quality) DESIGNED IN HONG KONG Scratchproof Tempered Glass Case Back Cover Casing ..,৳ 350,Bangladesh
481,Motorola Moto G40 Fusion -6Gb / 128Gb,"৳ 24,900",(18)Bangladesh
482,OPPO A16 4GB/64 GB,"৳ 14,444",(4)Bangladesh
483,Nokia asha 215 New Full Body Casing With English Keypad,৳ 379,Bangladesh
484,"Krish Tech Back Cover for Samsung Galaxy A22 4G  (White, Shock Proof)",৳ 240,Bangladesh
485,Motorola Edge 20 Fusion (6+128 GB),"৳ 36,999",Bangladesh
486,Asus Zenfone Go ZC451TG Hard Plastic Back Cover,৳ 300,Bangladesh
487,Nokia 3.4 4GB RAM 64GB ROM- Black,"৳ 14,199",(7)Bangladesh
488,For Nokia Asha 202 Front & Back Side Mobile Casing / Housing / Cashing with Keypad,৳ 199,Bangladesh
489,Vivo y12/y15/y17/y3/y3 (4gb + 64gb)/u10-শকপ্রুফ ম্যাট ফ্রস্টেড এবং স্মোকি স্বচ্ছ প্রিমিয়াম ব্যাক কভার,৳ 199,Bangladesh
490,Gionee E10 features Phone,"৳ 1,144",Bangladesh
491,OPPO F17 Pro Smartphone 8GB/128GB【100% Premium Quality】iRonman Armor Kickstand Back Cover .....,৳ 320,Bangladesh
492,invens City X3 Smartphone,"৳ 4,370",(1)Bangladesh
493,Nokia 3.4 DS Smartphone 3GB RAM 64GB ROM,"৳ 13,500",(31)Bangladesh
494,Motorola Moto E7 Power (4GB/64GB),"৳ 13,868",Bangladesh
495,Vivo y12/y15/y17/y3/y3 (4gb + 64gb)/u10-শকপ্রুফ ম্যাট ফ্রস্টেড এবং স্মোকি স্বচ্ছ প্রিমিয়াম ব্যাক কভার,৳ 199,Bangladesh
496,Tecno Pop 5 LTE,"৳ 10,260",Bangladesh
497,For Nokia Asha 750 Back Shell / Casing / Housing,৳ 280,Bangladesh
498,OPPO A16 4GB/64 GB,"৳ 14,990",(1)Bangladesh
499,Tecno Spark 8c (3GB/64GB),"৳ 11,990",Bangladesh
500,GDL 202 features phone,"৳ 1,428",Bangladesh
501,Walton Primo H9 - 3D Printed Back Cover Case,৳ 250,Bangladesh
502,BENCO C25 features phonbe,"৳ 1,396",Bangladesh
503,For Nokia Lumia 1520 Back Shell / Casing / Housing,৳ 280,Bangladesh
504,Helio S60 Smartphone - 6.2  - 4GB RAM - 64GB ROM - 16MP Camera - Silver,"৳ 21,953",(239)Bangladesh
505,OPPO A95 8GB RAM 128GB ROM - 5000 mAh Battery,"৳ 22,153",(3)Bangladesh
506,"F7 - Smartphone 6.23"" 6GB RAM/128GB ROM 16MP Camera - Diamond Black","৳ 35,493",Bangladesh
507,Nokia G10 DS 4GB/64GB,"৳ 13,499",(2)Bangladesh
508,For Nokia Asha 300 Front & Back Side Mobile Casing / Housing / Cashing with Keypad,৳ 249,Bangladesh
509,Samsung Galaxy A12 Ram 4/ Rom 64 GB,"৳ 14,186",(6)Bangladesh
510,OPPO F19 Pro 8GB/128GB,"৳ 23,999",Bangladesh
511,Samsung Galaxy F22 6GB/128GB,"৳ 19,499",Bangladesh
512,Nokia asha 220 New Full Body Chasing With English Keypad - Black,৳ 500,Bangladesh
513,Samsung Galaxy A51 - Android 10; One UI - 6GB/128GB - Quad Camera - 48MP Camera ( 100% Premium Quality ) iRonman Kickstand Back Phone Case Cover Casing,৳ 350,Bangladesh
514,Nokia asha 216 New Full Body Chasing With English Keypad - Black,৳ 300,Bangladesh
515,Oppo F17 - 8/128 GB +【100% Premium Quality】iRonman Armor Kickstand Back Cover .....,৳ 320,Bangladesh
516,Huawei Nova 7i - 8GB Ram/ 128GB Rom,"৳ 22,999",(7)Bangladesh
517,Nokia asha 220 New Full Body chasing With English Keypad,৳ 395,(2)Bangladesh
518,OPPO F17 Pro Smartphone 8GB/128GB【100% Premium Quality】iRonman Armor Kickstand Back Cover .....,৳ 320,Bangladesh
519,Walton Primo HM5 - 3D Printed Back Case Cover,৳ 250,Bangladesh
520,Protect Cover For Tecno Spark 6 Go Soft Case Clear Transparent Shockproof Car Magnetic Holder Ring Phone Cases Tecno Spark6 Go Back Cover For girls and Boys,৳ 499,China
521,"OPPO A54 6GB128GB- Li-Po 5000 mAh, non-removable","৳ 18,590",Bangladesh
522,"POCO M3 - 4GB RAM/128GB ROM - 48MP AI Triple Camera - 6,000 mAh Battery - Snapdragon 662","৳ 16,301",(58)Bangladesh
523,x cover 5 case carbon fiber texture shockproof cover for samsung galaxy xcover 5 xcover5 sm-g525f/ds soft silicone protect coque,"৳ 1,162",China
524,For Tecno Spark 6 Go case Transparent clear Airbag protector Soft Frame Hard Armor Cover Tecno Spark6 Go Phone case cover For girls and Boys,৳ 559,China
525,Samsung Galaxy A12 (4/64 GB),"৳ 15,000",Bangladesh
526,Titanic T-2 Alpha 5,"৳ 4,999",Bangladesh
527,Huawei Y5p - 2GB Ram/ 32GB Rom,"৳ 8,999",Bangladesh
528,Apple iPhone SE (2020) 64 GB,"৳ 52,999",(1)Bangladesh
529,TECNO SPARK 7 (3+64),"৳ 11,490",(1)Bangladesh
530,Samsung Galaxy A03s 4GB/64GB,"৳ 13,990",Bangladesh
531,Huawei  Y5 2019 - Smartphone - 5.71  - 2GB RAM - 32GB ROM - 13MP Camera,"৳ 10,990",(21)Bangladesh
532,Walton Primo RM4 6pcs combo pack,"৳ 135,000",Bangladesh
533,iPhone 13 256GB,"৳ 116,819",(1)Bangladesh
534,vivo Y15s 3GB/32GB,"৳ 12,990",Bangladesh
535,iPhone 12 64GB,"৳ 99,999",(1)Bangladesh
536,Walton Primo NF5,"৳ 9,000",Bangladesh
537,BiRD F07 Smartphone,"৳ 3,299",(4)Bangladesh
538,Symphony Z10-Smartphone-5.7-3 GB RAM-32GB ROM-16MP Camera-Black,"৳ 12,270",(27)Bangladesh
539,vivo X70 Pro 12GB/256GB,"৳ 72,990",Bangladesh
540,Samsung Galaxy A52 8GB/128GB,"৳ 33,999",Bangladesh
541,invens MAX3 Smartphone,"৳ 4,170",(2)Bangladesh
542,BiRD E4011 Smartphone- 8GB/ 512MB- 1550mAh,"৳ 2,999",(4)Bangladesh
543,invens L2 Smartphone,"৳ 4,450",Bangladesh
544,Titanic T-2 Alpha 4,"৳ 4,999",Bangladesh
545,Walton Phone Primo E12 - 1Gb Ram,"৳ 4,999",(6)Bangladesh
546,Samsung Galaxy A72 8GB/256GB,"৳ 45,999",Bangladesh
547,VIVO V21 8GB RAM/128GB ROM Mobile Phone,"৳ 32,990",(3)Bangladesh
548,Walton Primo H9 Pro,"৳ 9,500",Bangladesh
549,Invens Maxtop1 2GB RAM Smartphone,"৳ 4,170",(2)Bangladesh
550,Walton Primo F10,"৳ 5,999",(2)Bangladesh
551,Samsung Galaxy A12 4GB/128GB,"৳ 16,499",Bangladesh
552,Samsung Galaxy A12 4GB/64GB,"৳ 14,999",Bangladesh
553,Walton Smart Phone Primo D10,"৳ 4,100",Bangladesh
554,Oppo A54 6Gb/128Gb Phone,"৳ 17,990",Bangladesh
555,Vivo v20se 8GB/128GB,"৳ 22,990",Bangladesh
556,WALTON PRIMO GM4,"৳ 7,000",Bangladesh
557,BiRD Smartphone E5018 4G Mobile,"৳ 4,490",Bangladesh
558,Vivo Y53S 8Gb/128Gb,"৳ 22,990",Bangladesh
559,Samsung Galaxy M32 6GB/128GB,"৳ 22,999",Bangladesh
560,Samsung Galaxy A03s 4GB/64GB,"৳ 13,999",Bangladesh
561,OPPO F17 Pro Smartphone 8GB/128GB【100% Premium Quality】iRonman Armor Kickstand Back Cover .....,৳ 320,Bangladesh
562,iPhone 13 Pro 128GB,"৳ 147,999",(5)Bangladesh
563,OPPO F19 Pro - 8GB RAM/128GB ROM,"৳ 24,990",(11)Bangladesh
564,Walton Primo NF4 - 3D Printed Back Cover Case,৳ 190,Bangladesh
565,OPPO F17 Pro Smartphone 8GB/128GB【100% Premium Quality】iRonman Armor Kickstand Back Cover .....,৳ 320,Bangladesh
566,Huawei Y7p - 4GB Ram/ 64GB Rom,"৳ 16,499",(6)Bangladesh
567,Walton Primo H9 - 3D Printed Back Cover Case,৳ 250,Bangladesh
568,Walton Primo H9 - 3D Printed Back Cover Case,৳ 250,Bangladesh
569,Walton Primo NF4 - 3D Printed Back Cover Case,৳ 190,Bangladesh
570,Walton Primo NF4 - 3D Printed Back Cover Case,৳ 190,Bangladesh
571,Walton Primo H9 - 3D Printed Back Cover Case,৳ 250,Bangladesh
572,Tecno Camon 15 64Gb Rom / 4Gb Ram - 5000Mah Battery,"৳ 15,990",(45)Bangladesh
573,Walton Primo H9 - 3D Printed Back Cover Case,৳ 250,Bangladesh
574,Walton Primo H9 - 3D Printed Back Cover Case,৳ 250,Bangladesh
575,Huawei Y7 PRO 2019 - Smartphone - 6.26'' - 3GB RAM - 64GB ROM - 16MP Camera - Midnight Black,"৳ 15,687",Bangladesh
576,Walton Primo HM5 - 3D Printed Back Case Cover,৳ 250,Bangladesh
577,Walton Primo H9 - 3D Printed Back Cover Case,৳ 250,Bangladesh
578,Samsung Galaxy M31 - 8GB/128GB,"৳ 27,990",Bangladesh
579,Walton Primo H9 - 3D Printed Back Cover Case,৳ 250,Bangladesh
580,Walton Primo H9 - 3D Printed Back Cover Case,৳ 250,Bangladesh
581,Walton Primo H9 - 3D Printed Back Cover Case,৳ 250,Bangladesh
582,OPPO F19 Smartphone 6GB RAM-128GB ROM,"৳ 21,498",(20)Bangladesh
583,Samsung Galaxy A22 6GB/128GB,"৳ 21,999",Bangladesh
584,For infinix Hot 9 Play Back Cover Shockproof Romantic Flowers Purple Color Design Couple Full Protection Case infinix Hot9 Play Phone cases For girls and Boys,৳ 639,China
585,Walton Primo HM5 - 3D Printed Back Case Cover,৳ 250,Bangladesh
586,samung a 22 4g case book style leather magnetic stand flip case on for samsung galaxy a22 4g sm-a225f/ds 6.4'' card wallet coque,"৳ 1,184",China
587,Bengal BG01 Mini Phone,"৳ 1,491",Bangladesh
588,Samsung Galaxy M02 3GB RAM 32GB ROM,"৳ 9,999",Bangladesh
589,OPPO A16 3GB/32GB,"৳ 12,599",Bangladesh
590,Walton Primo H9 - 3D Printed Back Cover Case,৳ 250,Bangladesh
591,invens Royal R6 Smartphone,"৳ 3,499",(1)Bangladesh
592,Huawei Y8P - 6GB Ram/ 128GB Rom,"৳ 18,999",(4)Bangladesh
593,Samsung Galaxy F22 (6/128GB),"৳ 19,990",Bangladesh
594,Oppo F19 Smartphone 6Gb Ram - 128Gb Rom,"৳ 21,990",(16)Bangladesh
595,Samsung Galaxy A22 - 6GB/128GB,"৳ 21,999",Bangladesh
596,Walton Primo HM5 - 3D Printed Back Case Cover,৳ 250,Bangladesh
597,Walton Primo H9 - 3D Printed Back Cover Case,৳ 250,Bangladesh
598,Samsung Galaxy M02 2GB/32GB,"৳ 8,599",Bangladesh
599,Oppo F17 - 8/128 GB +【100% Premium Quality】iRonman Armor Kickstand Back Cover .....,৳ 320,Bangladesh
600,Huawei Y6p - 4GB Ram/ 64GB Rom,"৳ 13,499",Bangladesh
601,Flip Phone Cover For Samsung Galaxy A32 4G Case on For SamsungA A 32 22 A22 5G A325 Smart Mirror Magnetic Leather Cases,"৳ 1,122",China
602,Vivo Y21 4GB/64GB 5000mah Battery,"৳ 14,990",(4)Bangladesh
603,Tecno SPARK 8 Pro - (6+64GB),"৳ 16,990",Bangladesh
604,Vivo Y21 4GB RAM 64GB ROM - Metallic Blue,"৳ 14,990",(1)Bangladesh
605,Tecno Camon 16 Pro 128Gb Rom + 6Gb Ram,"৳ 18,604",(21)Bangladesh
606,Walton Primo NF4 - 3D Printed Back Cover Case,৳ 190,Bangladesh
607,Protect Cover For Tecno Spark 6 Go Case Clear Transparent Airbag Protector Shockproof Car Magnetic Holder Ring Back Cover Tecno Spark6 GoPhone Cases For girls and Boys,৳ 499,China
608,For infinix Hot 9 Play Back Cover Cute Cartoon Shockproof Happy Rabbits Radish Design Couple Full Protection Case infinix Hot9 Play Phone cases For girls and Boys,৳ 559,China
609,Walton Primo HM5 - 3D Printed Back Case Cover,৳ 250,Bangladesh
610,Walton Primo HM5 - 3D Printed Back Case Cover,৳ 250,Bangladesh
611,Samsung Galaxy A32 6GB/128GB,"৳ 26,999",Bangladesh
612,OPPO F17 Pro Smartphone 8GB/128GB【100% Premium Quality】iRonman Armor Kickstand Back Cover .....,৳ 320,Bangladesh
613,Samsung Galaxy M12 - 6GB/128GB,"৳ 18,499",(1)Bangladesh
614,Walton Primo HM5 - 3D Printed Back Case Cover,৳ 250,Bangladesh
615,Motorola Moto E7 Plus - 4GB RAM/64GB ROM -  48MP Dual Camera - 5000 mAh Battery,"৳ 14,726",(9)Bangladesh
616,Walton Primo HM5 - 3D Printed Back Case Cover,৳ 250,Bangladesh
617,BIRD S1 Smartphone,"৳ 4,270",(3)Bangladesh
618,iPhone 13 128GB,"৳ 113,999",(2)Bangladesh
619,"Samsung Galaxy S8 Plus Smartphone 6.2"" - 4GB RAM - 64GB ROM - Gold","৳ 79,430",(26)Bangladesh
620,Samsung Galaxy M02 3GB/32GB,"৳ 9,999",Bangladesh
621,Oppo a16 (4/64) -কালো,"৳ 14,990",(3)Bangladesh
622,"OPPO A54 6GB128GB- Li-Po 5000 mAh, non-removable","৳ 18,990",(13)Bangladesh
623,iPhone 13 Pro 256GB,"৳ 162,999",(1)Bangladesh
624,Vivo Y21 4GB/64GB - Diamond Glow,"৳ 14,990",Bangladesh
625,OPPO A95 8GB/128GB,"৳ 22,990",(2)Bangladesh
626,Samsung Galaxy A52s 5G 8GB/128GB,"৳ 44,999",Bangladesh
627,OPPO Reno6 8GB/128GB,"৳ 32,990",(4)Bangladesh
628,Huawei P30 Lite - Smartphone - 6.15  - 6GB RAM - 128GB ROM - 24MP Camera,"৳ 23,490",(74)Bangladesh
629,Samsung galaxy A12 4/64 GB - Battery 5000mAh,"৳ 15,000",Bangladesh
630,TECNO CAMON 16 Premier,"৳ 28,832",(7)Bangladesh
631,Huawei Nova 5T - Smartphone - 6.26  - 8GB RAM - 128GB ROM - 32MP Camera,"৳ 47,999",(2)Bangladesh
632,Samsung Galaxy A32 8GB/128GB,"৳ 27,999",Bangladesh
633,Walton Primo GH10- 2GB32 GB- Lithium-polymer 4000 mAh non-removable,"৳ 7,999",(1)Bangladesh
634,Galaxy S20 FE 6'- 8GB RAM- 128GB ROM,"৳ 63,553",(4)Bangladesh
635,Samsung Galaxy A51 - Android 10; One UI - 6GB/128GB -【100% Premium Quality】Smart Clear View Mirror Case Flip Stand Auto Sleep Leather Phone Cover .....,৳ 750,Bangladesh
636,Walton Primo N4 3GB RAM 32GB ROM,"৳ 10,499",(13)Bangladesh
637,invens Royal R2 Smartphone,"৳ 3,499",(1)Bangladesh
638,BIRD ES5506 Smartphone,"৳ 4,170",(12)Bangladesh
639,Apple iPhone 12 Pro Max 256GB,"৳ 139,999",(1)Bangladesh
640,Protect Cover For Tecno Spark 6 Go Soft Case Clear Transparent Shockproof Car Magnetic Holder Ring Phone Cases Tecno Spark6 Go Back Cover For girls and Boys,৳ 499,China
641,"OPPO A54 6GB128GB- Li-Po 5000 mAh, non-removable","৳ 18,590",Bangladesh
642,"POCO M3 - 4GB RAM/128GB ROM - 48MP AI Triple Camera - 6,000 mAh Battery - Snapdragon 662","৳ 16,301",(58)Bangladesh
643,x cover 5 case carbon fiber texture shockproof cover for samsung galaxy xcover 5 xcover5 sm-g525f/ds soft silicone protect coque,"৳ 1,162",China
644,For Tecno Spark 6 Go case Transparent clear Airbag protector Soft Frame Hard Armor Cover Tecno Spark6 Go Phone case cover For girls and Boys,৳ 559,China
645,Samsung Galaxy A12 (4/64 GB),"৳ 15,000",Bangladesh
646,Titanic T-2 Alpha 5,"৳ 4,999",Bangladesh
647,Huawei Y5p - 2GB Ram/ 32GB Rom,"৳ 8,999",Bangladesh
648,Apple iPhone SE (2020) 64 GB,"৳ 52,999",(1)Bangladesh
649,TECNO SPARK 7 (3+64),"৳ 11,490",(1)Bangladesh
650,Samsung Galaxy A03s 4GB/64GB,"৳ 13,990",Bangladesh
651,Huawei  Y5 2019 - Smartphone - 5.71  - 2GB RAM - 32GB ROM - 13MP Camera,"৳ 10,990",(21)Bangladesh
652,Walton Primo RM4 6pcs combo pack,"৳ 135,000",Bangladesh
653,iPhone 13 256GB,"৳ 116,819",(1)Bangladesh
654,vivo Y15s 3GB/32GB,"৳ 12,990",Bangladesh
655,iPhone 12 64GB,"৳ 99,999",(1)Bangladesh
656,Walton Primo NF5,"৳ 9,000",Bangladesh
657,BiRD F07 Smartphone,"৳ 3,299",(4)Bangladesh
658,Symphony Z10-Smartphone-5.7-3 GB RAM-32GB ROM-16MP Camera-Black,"৳ 12,270",(27)Bangladesh
659,vivo X70 Pro 12GB/256GB,"৳ 72,990",Bangladesh
660,Samsung Galaxy A52 8GB/128GB,"৳ 33,999",Bangladesh
661,invens MAX3 Smartphone,"৳ 4,170",(2)Bangladesh
662,BiRD E4011 Smartphone- 8GB/ 512MB- 1550mAh,"৳ 2,999",(4)Bangladesh
663,invens L2 Smartphone,"৳ 4,450",Bangladesh
664,Titanic T-2 Alpha 4,"৳ 4,999",Bangladesh
665,Walton Phone Primo E12 - 1Gb Ram,"৳ 4,999",(6)Bangladesh
666,Samsung Galaxy A72 8GB/256GB,"৳ 45,999",Bangladesh
667,VIVO V21 8GB RAM/128GB ROM Mobile Phone,"৳ 32,990",(3)Bangladesh
668,Walton Primo H9 Pro,"৳ 9,500",Bangladesh
669,Invens Maxtop1 2GB RAM Smartphone,"৳ 4,170",(2)Bangladesh
670,Walton Primo F10,"৳ 5,999",(2)Bangladesh
671,Samsung Galaxy A12 4GB/128GB,"৳ 16,499",Bangladesh
672,Samsung Galaxy A12 4GB/64GB,"৳ 14,999",Bangladesh
673,Walton Smart Phone Primo D10,"৳ 4,100",Bangladesh
674,Oppo A54 6Gb/128Gb Phone,"৳ 17,990",Bangladesh
675,Vivo v20se 8GB/128GB,"৳ 22,990",Bangladesh
676,WALTON PRIMO GM4,"৳ 7,000",Bangladesh
677,BiRD Smartphone E5018 4G Mobile,"৳ 4,490",Bangladesh
678,Vivo Y53S 8Gb/128Gb,"৳ 22,990",Bangladesh
679,Samsung Galaxy M32 6GB/128GB,"৳ 22,999",Bangladesh
680,iPhone 13 mini 256GB,"৳ 113,999",Bangladesh
681,OPPOF19 6GB/128GB,"৳ 21,999",Bangladesh
682,vivo Y20G - 6GB/128GB - Blue,"৳ 17,990",Bangladesh
683,Vivo V21e 8GB RAM 128GB ROM,"৳ 26,990",Bangladesh
684,Walton Primo H10,"৳ 12,999",Bangladesh
685,vivo Y12A 3GB/32GB,"৳ 12,990",Bangladesh
686,Vivo Y20G 6/128,"৳ 17,990",Bangladesh
687,Walton Primo R6,"৳ 9,599",Bangladesh
688,vivo V20 8GB/128GB,"৳ 27,990",Bangladesh
689,INFINIX HOT 11S (6+128),"৳ 15,990",(1)Bangladesh
690,Walton Primo Rx7 Mini,"৳ 9,499",(1)Bangladesh
691,Walton Primo H8 Pro,"৳ 8,499",Bangladesh
692,OPPO A95 8GB RAM 128GB ROM - 5000 mAh Battery,"৳ 22,990",Bangladesh
693,OPPO F19 6GB/128GB,"৳ 21,990",Bangladesh
694,Vivo Y12A (3/32) - Phantom Black,"৳ 12,990",Bangladesh
695,INFINIX HOT11S,"৳ 14,990",(2)Bangladesh
696,OPPO A54 6 + 128GB Dual SIM android Phone,"৳ 17,990",(2)Bangladesh
697,Walton Primo S7 Pro (6GB+128GB),"৳ 19,999",Bangladesh
698,OPPO F19 6GB+128GB,"৳ 21,890",(2)Bangladesh
699,VIVO Y53S (8+128GB),"৳ 22,980",(1)Bangladesh
700,Infinix Hot 10S  - 4+128 GB,"৳ 13,990",(2)Bangladesh
701,OPPO RENO 6 (8+128GB),"৳ 32,900",Bangladesh
702,Oppo A16 4GB RAM/64GB ROM 5000 mah Battery,"৳ 14,990",(2)Bangladesh
703,Oppo A16-3Gb-32Gb,"৳ 12,990",(2)Bangladesh
704,Walton Primo N4 (4GB RAM /64GB ROM),"৳ 15,000",Bangladesh
705,OPPO F19 PRO 8GB/128GB,"৳ 24,990",(1)Bangladesh
706,OPPO F19 PRO 8GB/128GB - LED flash,"৳ 24,990",(2)Bangladesh
707,Motorola E40 - (4GB/64GB),"৳ 15,563",Bangladesh
708,Samsung Galaxy S22 Ultra,"৳ 128,999",Bangladesh
709,iPhone 13 Pro Max 256GB,"৳ 176,999",(2)Bangladesh
710,iPhone 13 Pro Max 128GB,"৳ 162,999",(5)Bangladesh
711,Samsung Galaxy M40 - Smartphone - 6.3 - 6GB RAM - 128GB ROM - 32MP Camera,"৳ 29,798",Bangladesh
712,Walton MobileFeature Phone ML21,"৳ 9,699",Bangladesh
713,Walton Olvio L50 Feature Phone - Black,"৳ 1,190",Bangladesh
714,Walton Olvio P17 Feature Phone - Black,"৳ 1,250",Bangladesh
715,Walton MobileFeature Phone ML21,"৳ 1,190",Bangladesh
716,ITEL IT5617 Mobile Phone,"৳ 1,599",Bangladesh
717,Mobile Phone ITEL Power 410,"৳ 1,490",(2)Bangladesh
718,ITEL IT5608B Mobile Phone,"৳ 1,425",Bangladesh
719,ITEL IT5608B Mobile Phone,"৳ 1,425",Bangladesh
720,iPhone 13 mini 256GB,"৳ 113,999",Bangladesh
721,OPPOF19 6GB/128GB,"৳ 21,999",Bangladesh
722,vivo Y20G - 6GB/128GB - Blue,"৳ 17,990",Bangladesh
723,Vivo V21e 8GB RAM 128GB ROM,"৳ 26,990",Bangladesh
724,Walton Primo H10,"৳ 12,999",Bangladesh
725,vivo Y12A 3GB/32GB,"৳ 12,990",Bangladesh
726,Vivo Y20G 6/128,"৳ 17,990",Bangladesh
727,Walton Primo R6,"৳ 9,599",Bangladesh
728,vivo V20 8GB/128GB,"৳ 27,990",Bangladesh
729,INFINIX HOT 11S (6+128),"৳ 15,990",(1)Bangladesh
730,Walton Primo Rx7 Mini,"৳ 9,499",(1)Bangladesh
731,Walton Primo H8 Pro,"৳ 8,499",Bangladesh
732,OPPO A95 8GB RAM 128GB ROM - 5000 mAh Battery,"৳ 22,990",Bangladesh
733,OPPO F19 6GB/128GB,"৳ 21,990",Bangladesh
734,Vivo Y12A (3/32) - Phantom Black,"৳ 12,990",Bangladesh
735,INFINIX HOT11S,"৳ 14,990",(2)Bangladesh
736,OPPO A54 6 + 128GB Dual SIM android Phone,"৳ 17,990",(2)Bangladesh
737,Walton Primo S7 Pro (6GB+128GB),"৳ 19,999",Bangladesh
738,OPPO F19 6GB+128GB,"৳ 21,890",(2)Bangladesh
739,VIVO Y53S (8+128GB),"৳ 22,980",(1)Bangladesh
740,Infinix Hot 10S  - 4+128 GB,"৳ 13,990",(2)Bangladesh
741,OPPO RENO 6 (8+128GB),"৳ 32,900",Bangladesh
742,Oppo A16 4GB RAM/64GB ROM 5000 mah Battery,"৳ 14,990",(2)Bangladesh
743,Oppo A16-3Gb-32Gb,"৳ 12,990",(2)Bangladesh
744,Walton Primo N4 (4GB RAM /64GB ROM),"৳ 15,000",Bangladesh
745,OPPO F19 PRO 8GB/128GB,"৳ 24,990",(1)Bangladesh
746,OPPO F19 PRO 8GB/128GB - LED flash,"৳ 24,990",(2)Bangladesh
747,Motorola E40 - (4GB/64GB),"৳ 15,563",Bangladesh
748,Samsung Galaxy S22 Ultra,"৳ 128,999",Bangladesh
749,iPhone 13 Pro Max 256GB,"৳ 176,999",(2)Bangladesh
750,iPhone 13 Pro Max 128GB,"৳ 162,999",(5)Bangladesh
751,Samsung Galaxy M40 - Smartphone - 6.3 - 6GB RAM - 128GB ROM - 32MP Camera,"৳ 29,798",Bangladesh
752,Walton MobileFeature Phone ML21,"৳ 9,699",Bangladesh
753,Walton Olvio L50 Feature Phone - Black,"৳ 1,190",Bangladesh
754,Walton Olvio P17 Feature Phone - Black,"৳ 1,250",Bangladesh
755,Walton MobileFeature Phone ML21,"৳ 1,190",Bangladesh
756,ITEL IT5617 Mobile Phone,"৳ 1,599",Bangladesh
757,Mobile Phone ITEL Power 410,"৳ 1,490",(2)Bangladesh
758,ITEL IT5608B Mobile Phone,"৳ 1,425",Bangladesh
759,ITEL IT5608B Mobile Phone,"৳ 1,425",Bangladesh
760,Itel it2173 Feature Phone Mobile,৳ 999,Bangladesh
761,Imam i10 Special,"৳ 10,000",Bangladesh
762,Oppo F17 - 8/128 GB +【100% Premium Quality】iRonman Armor Kickstand Back Cover .....,৳ 320,Bangladesh
763,OPPO F17 Pro Smartphone 8GB/128GB【100% Premium Quality】iRonman Armor Kickstand Back Cover .....,৳ 320,Bangladesh
764,Case-Mate Barely There Hard Back Case Cover for Asus Zenfone Live ZB501KL,৳ 290,Bangladesh
765,"For Symphony Z15, Print Back Cover",৳ 99,Bangladesh
766,Nokia asha 225 New Full Body Casing With English Keypad,৳ 379,(1)Bangladesh
767,Samsung Galaxy A52s 5G 8GB128GB,"৳ 43,505",(6)Bangladesh
768,Replace AMOLED Touch Screen Digitizer for Samsung Galaxy J7 Neo J701 J701F J701M,"৳ 2,119",China
769,For Umidigi Power 5 Case + Free Tempered Glass Screen Protector Soft Matte Silicone Umidigi Power5 Back Cover,৳ 619,China
770,Nokia asha 130 New Full Body Chasing With English Keypad - Black,৳ 300,Bangladesh
771,TITANIC T2 (Alpha 6) Mobile - 2/16 GB,"৳ 5,190",Bangladesh
772,Realme c21-3GB/32GB - 5000mAh Battery,"৳ 10,819",(109)Bangladesh
773,"Tecno SPARK 7 - (3GB , 64GB)","৳ 11,342",(11)Bangladesh
774,Samsung Galaxy A32 - 6GB/128GB,"৳ 26,999",(1)Bangladesh
775,Motorola moto G60 - 6GB / 128GB,"৳ 27,658",(22)Bangladesh
776,Samsung Galaxy A32 8Gb/128Gb 5000 Mah Battery,"৳ 26,485",(19)Bangladesh
777,Nokia asha 220 New Full Body Chasing With English Keypad - Black,৳ 419,Bangladesh
778,Samsung Galaxy A32 - 6GB128GB,"৳ 25,536",(12)Bangladesh
779,Nokia asha 130 New Full Body Chasing With English Keypad,৳ 249,Bangladesh
780,Back Cover For Desire 728 Dual SIM Smartphone - Black,"৳ 2,999",Bangladesh
781,For Nokia Asha 208 Front & Back Side Mobile Casing / Housing / Cashing with Keypad For Nokia Asha,৳ 199,Bangladesh
782,Nokia asha 216 New Full Body Casing With English Keypad,৳ 290,Bangladesh
783,For Umidigi Power 5 Case + Daisy Flowers Folding Stand Umidigi Power5 Back Cover,৳ 619,China
784,OPPO F17 Pro Smartphone 8GB/128GB - (6.43''inches ) Full Cover 6D Glass HD Clear Scratchproof Tempered Glass Screen Protector,৳ 210,Bangladesh
785,Motorola Moto G10 Power - 4GB RAM/64GB ROM,"৳ 14,999",(56)Bangladesh
786,For Nokia Asha 203 Front & Back Side Mobile Casing / Housing / Cashing with Keypad,৳ 250,Bangladesh
787,Realme C3 - Helio G70 (100% Premium Quality) DESIGNED IN HONG KONG Scratchproof Tempered Glass Case Back Cover Casing ..,৳ 350,Bangladesh
788,Motorola Edge 20 Fusion (8+128 GB),"৳ 38,999",Bangladesh
789,Samsung Galaxy A72 - 8GB RAM / 256GB ROM - 5000 mAh Battery,"৳ 44,454",(5)Bangladesh
790,Motorola G8 Power Lite 5000Mah Battery,"৳ 14,834",(70)Bangladesh
791,For Tecno Spark 6 GO Case Shockproof Stand Phone Cover with Holder Ring Case for Tecno Spark6 GO Car Magnet Cases,৳ 489,China
792,Nokia 3.4 4GB/64GB,"৳ 14,999",(2)Bangladesh
793,Nokia asha 225 New Full Body Chasing  With English Keypad,৳ 379,Bangladesh
794,Tecno SPARK GO 2022 - (2+32GB),"৳ 9,744",(1)Bangladesh
795,Samsung Galaxy M31 - 8GB RAM/128GB ROM Super Light Frameless Case Transparent Cover Clear Phone Ring Casing Back Cover,৳ 245,Bangladesh
796,Samsung Galaxy M62 - 8GB 128GB,"৳ 34,132",(7)Bangladesh
797,Tecno SPARK 6 GO (2+32GB),"৳ 8,868",(4)Bangladesh
798,OPPO Reno6 8GB RAM 128GB ROM - 4310 mAh Battery,"৳ 32,141",(5)Bangladesh
799,Oppo F17 - 8/128 GB +【100% Premium Quality】iRonman Armor Kickstand Back Cover .....,৳ 320,Bangladesh
800,Infinix Smart 4 / Infinix Smart 4c ▶ a Bumper a Frosted Shockproof Protection Casing Hard Phone Case Matte Back Cover,৳ 299,Bangladesh
801,Nokia G20 4GB/64GB,"৳ 14,999",(2)Bangladesh
802,vivo Y21T 4GB/128GB,"৳ 17,800",Bangladesh
803,Itel it2173 Feature Phone Mobile,৳ 999,Bangladesh
804,Imam i10 Special,"৳ 10,000",Bangladesh
805,Realme C3 - Helio G70 (100% Premium Quality) DESIGNED IN HONG KONG Scratchproof Tempered Glass Case Back Cover Casing ..,৳ 350,Bangladesh
806,Motorola Moto G40 Fusion -6Gb / 128Gb,"৳ 24,900",(18)Bangladesh
807,OPPO A16 4GB/64 GB,"৳ 14,444",(4)Bangladesh
808,Nokia asha 215 New Full Body Casing With English Keypad,৳ 379,Bangladesh
809,"Krish Tech Back Cover for Samsung Galaxy A22 4G  (White, Shock Proof)",৳ 240,Bangladesh
810,Motorola Edge 20 Fusion (6+128 GB),"৳ 36,999",Bangladesh
811,Asus Zenfone Go ZC451TG Hard Plastic Back Cover,৳ 300,Bangladesh
812,Nokia 3.4 4GB RAM 64GB ROM- Black,"৳ 14,199",(7)Bangladesh
813,For Nokia Asha 202 Front & Back Side Mobile Casing / Housing / Cashing with Keypad,৳ 199,Bangladesh
814,Vivo y12/y15/y17/y3/y3 (4gb + 64gb)/u10-শকপ্রুফ ম্যাট ফ্রস্টেড এবং স্মোকি স্বচ্ছ প্রিমিয়াম ব্যাক কভার,৳ 199,Bangladesh
815,Gionee E10 features Phone,"৳ 1,144",Bangladesh
816,OPPO F17 Pro Smartphone 8GB/128GB【100% Premium Quality】iRonman Armor Kickstand Back Cover .....,৳ 320,Bangladesh
817,invens City X3 Smartphone,"৳ 4,370",(1)Bangladesh
818,Nokia 3.4 DS Smartphone 3GB RAM 64GB ROM,"৳ 13,500",(31)Bangladesh
819,Motorola Moto E7 Power (4GB/64GB),"৳ 13,868",Bangladesh
820,Vivo y12/y15/y17/y3/y3 (4gb + 64gb)/u10-শকপ্রুফ ম্যাট ফ্রস্টেড এবং স্মোকি স্বচ্ছ প্রিমিয়াম ব্যাক কভার,৳ 199,Bangladesh
821,Tecno Pop 5 LTE,"৳ 10,260",Bangladesh
822,For Nokia Asha 750 Back Shell / Casing / Housing,৳ 280,Bangladesh
823,OPPO A16 4GB/64 GB,"৳ 14,990",(1)Bangladesh
824,Tecno Spark 8c (3GB/64GB),"৳ 11,990",Bangladesh
825,GDL 202 features phone,"৳ 1,428",Bangladesh
826,Walton Primo H9 - 3D Printed Back Cover Case,৳ 250,Bangladesh
827,BENCO C25 features phonbe,"৳ 1,396",Bangladesh
828,For Nokia Lumia 1520 Back Shell / Casing / Housing,৳ 280,Bangladesh
829,Helio S60 Smartphone - 6.2  - 4GB RAM - 64GB ROM - 16MP Camera - Silver,"৳ 21,953",(239)Bangladesh
830,OPPO A95 8GB RAM 128GB ROM - 5000 mAh Battery,"৳ 22,153",(3)Bangladesh
831,"F7 - Smartphone 6.23"" 6GB RAM/128GB ROM 16MP Camera - Diamond Black","৳ 35,493",Bangladesh
832,Nokia G10 DS 4GB/64GB,"৳ 13,499",(2)Bangladesh
833,For Nokia Asha 300 Front & Back Side Mobile Casing / Housing / Cashing with Keypad,৳ 249,Bangladesh
834,Samsung Galaxy A12 Ram 4/ Rom 64 GB,"৳ 14,186",(6)Bangladesh
835,OPPO F19 Pro 8GB/128GB,"৳ 23,999",Bangladesh
836,Samsung Galaxy F22 6GB/128GB,"৳ 19,499",Bangladesh
837,Nokia asha 220 New Full Body Chasing With English Keypad - Black,৳ 500,Bangladesh
838,Samsung Galaxy A51 - Android 10; One UI - 6GB/128GB - Quad Camera - 48MP Camera ( 100% Premium Quality ) iRonman Kickstand Back Phone Case Cover Casing,৳ 350,Bangladesh
839,Nokia asha 216 New Full Body Chasing With English Keypad - Black,৳ 300,Bangladesh
840,Oppo F17 - 8/128 GB +【100% Premium Quality】iRonman Armor Kickstand Back Cover .....,৳ 320,Bangladesh
841,Huawei Nova 7i - 8GB Ram/ 128GB Rom,"৳ 22,999",(7)Bangladesh
842,Nokia asha 220 New Full Body chasing With English Keypad,৳ 395,(2)Bangladesh
843,OPPO F17 Pro Smartphone 8GB/128GB【100% Premium Quality】iRonman Armor Kickstand Back Cover .....,৳ 320,Bangladesh
844,Walton Primo HM5 - 3D Printed Back Case Cover,৳ 250,Bangladesh
845,vivo Y21T 4GB/128GB,"৳ 17,800",Bangladesh
846,Samsung Galaxy A03s 4GB/64GB,"৳ 13,999",Bangladesh
847,OPPO F17 Pro Smartphone 8GB/128GB【100% Premium Quality】iRonman Armor Kickstand Back Cover .....,৳ 320,Bangladesh
848,iPhone 13 Pro 128GB,"৳ 147,999",(5)Bangladesh
849,OPPO F19 Pro - 8GB RAM/128GB ROM,"৳ 24,990",(11)Bangladesh
850,Walton Primo NF4 - 3D Printed Back Cover Case,৳ 190,Bangladesh
851,OPPO F17 Pro Smartphone 8GB/128GB【100% Premium Quality】iRonman Armor Kickstand Back Cover .....,৳ 320,Bangladesh
852,Huawei Y7p - 4GB Ram/ 64GB Rom,"৳ 16,499",(6)Bangladesh
853,Walton Primo H9 - 3D Printed Back Cover Case,৳ 250,Bangladesh
854,Walton Primo H9 - 3D Printed Back Cover Case,৳ 250,Bangladesh
855,Walton Primo NF4 - 3D Printed Back Cover Case,৳ 190,Bangladesh
856,Walton Primo NF4 - 3D Printed Back Cover Case,৳ 190,Bangladesh
857,Walton Primo H9 - 3D Printed Back Cover Case,৳ 250,Bangladesh
858,Tecno Camon 15 64Gb Rom / 4Gb Ram - 5000Mah Battery,"৳ 15,990",(45)Bangladesh
859,Walton Primo H9 - 3D Printed Back Cover Case,৳ 250,Bangladesh
860,Walton Primo H9 - 3D Printed Back Cover Case,৳ 250,Bangladesh
861,Huawei Y7 PRO 2019 - Smartphone - 6.26'' - 3GB RAM - 64GB ROM - 16MP Camera - Midnight Black,"৳ 15,687",Bangladesh
862,Walton Primo HM5 - 3D Printed Back Case Cover,৳ 250,Bangladesh
863,Walton Primo H9 - 3D Printed Back Cover Case,৳ 250,Bangladesh
864,Samsung Galaxy M31 - 8GB/128GB,"৳ 27,990",Bangladesh
865,Walton Primo H9 - 3D Printed Back Cover Case,৳ 250,Bangladesh
866,Walton Primo H9 - 3D Printed Back Cover Case,৳ 250,Bangladesh
867,Walton Primo H9 - 3D Printed Back Cover Case,৳ 250,Bangladesh
868,OPPO F19 Smartphone 6GB RAM-128GB ROM,"৳ 21,498",(20)Bangladesh
869,Samsung Galaxy A22 6GB/128GB,"৳ 21,999",Bangladesh
870,For infinix Hot 9 Play Back Cover Shockproof Romantic Flowers Purple Color Design Couple Full Protection Case infinix Hot9 Play Phone cases For girls and Boys,৳ 639,China
871,Walton Primo HM5 - 3D Printed Back Case Cover,৳ 250,Bangladesh
872,samung a 22 4g case book style leather magnetic stand flip case on for samsung galaxy a22 4g sm-a225f/ds 6.4'' card wallet coque,"৳ 1,184",China
873,Bengal BG01 Mini Phone,"৳ 1,491",Bangladesh
874,Samsung Galaxy M02 3GB RAM 32GB ROM,"৳ 9,999",Bangladesh
875,OPPO A16 3GB/32GB,"৳ 12,599",Bangladesh
876,Walton Primo H9 - 3D Printed Back Cover Case,৳ 250,Bangladesh
877,invens Royal R6 Smartphone,"৳ 3,499",(1)Bangladesh
878,Huawei Y8P - 6GB Ram/ 128GB Rom,"৳ 18,999",(4)Bangladesh
879,Samsung Galaxy F22 (6/128GB),"৳ 19,990",Bangladesh
880,Oppo F19 Smartphone 6Gb Ram - 128Gb Rom,"৳ 21,990",(16)Bangladesh
881,Samsung Galaxy A22 - 6GB/128GB,"৳ 21,999",Bangladesh
882,Walton Primo HM5 - 3D Printed Back Case Cover,৳ 250,Bangladesh
883,Walton Primo H9 - 3D Printed Back Cover Case,৳ 250,Bangladesh
884,Samsung Galaxy M02 2GB/32GB,"৳ 8,599",Bangladesh
885,Oppo F17 - 8/128 GB +【100% Premium Quality】iRonman Armor Kickstand Back Cover .....,৳ 320,Bangladesh
886,Huawei Y6p - 4GB Ram/ 64GB Rom,"৳ 13,499",Bangladesh
887,Flip Phone Cover For Samsung Galaxy A32 4G Case on For SamsungA A 32 22 A22 5G A325 Smart Mirror Magnetic Leather Cases,"৳ 1,122",China
888,Vivo Y21 4GB/64GB 5000mah Battery,"৳ 14,990",(4)Bangladesh
889,Tecno SPARK 8 Pro - (6+64GB),"৳ 16,990",Bangladesh
890,Vivo Y21 4GB RAM 64GB ROM - Metallic Blue,"৳ 14,990",(1)Bangladesh
891,Tecno Camon 16 Pro 128Gb Rom + 6Gb Ram,"৳ 18,604",(21)Bangladesh
892,Walton Primo NF4 - 3D Printed Back Cover Case,৳ 190,Bangladesh
893,Protect Cover For Tecno Spark 6 Go Case Clear Transparent Airbag Protector Shockproof Car Magnetic Holder Ring Back Cover Tecno Spark6 GoPhone Cases For girls and Boys,৳ 499,China
894,For infinix Hot 9 Play Back Cover Cute Cartoon Shockproof Happy Rabbits Radish Design Couple Full Protection Case infinix Hot9 Play Phone cases For girls and Boys,৳ 559,China
895,Walton Primo HM5 - 3D Printed Back Case Cover,৳ 250,Bangladesh
896,Walton Primo HM5 - 3D Printed Back Case Cover,৳ 250,Bangladesh
897,Samsung Galaxy A32 6GB/128GB,"৳ 26,999",Bangladesh
898,OPPO F17 Pro Smartphone 8GB/128GB【100% Premium Quality】iRonman Armor Kickstand Back Cover .....,৳ 320,Bangladesh
899,Samsung Galaxy M12 - 6GB/128GB,"৳ 18,499",(1)Bangladesh
900,Walton Primo HM5 - 3D Printed Back Case Cover,৳ 250,Bangladesh
901,Motorola Moto E7 Plus - 4GB RAM/64GB ROM -  48MP Dual Camera - 5000 mAh Battery,"৳ 14,726",(9)Bangladesh
902,Walton Primo HM5 - 3D Printed Back Case Cover,৳ 250,Bangladesh
903,BIRD S1 Smartphone,"৳ 4,270",(3)Bangladesh
904,iPhone 13 128GB,"৳ 113,999",(2)Bangladesh
905,"Samsung Galaxy S8 Plus Smartphone 6.2"" - 4GB RAM - 64GB ROM - Gold","৳ 79,430",(26)Bangladesh
906,Samsung Galaxy M02 3GB/32GB,"৳ 9,999",Bangladesh
907,Oppo a16 (4/64) -কালো,"৳ 14,990",(3)Bangladesh
908,"OPPO A54 6GB128GB- Li-Po 5000 mAh, non-removable","৳ 18,990",(13)Bangladesh
909,iPhone 13 Pro 256GB,"৳ 162,999",(1)Bangladesh
910,Vivo Y21 4GB/64GB - Diamond Glow,"৳ 14,990",Bangladesh
911,OPPO A95 8GB/128GB,"৳ 22,990",(2)Bangladesh
912,Samsung Galaxy A52s 5G 8GB/128GB,"৳ 44,999",Bangladesh
913,OPPO Reno6 8GB/128GB,"৳ 32,990",(4)Bangladesh
914,Huawei P30 Lite - Smartphone - 6.15  - 6GB RAM - 128GB ROM - 24MP Camera,"৳ 23,490",(74)Bangladesh
915,Samsung galaxy A12 4/64 GB - Battery 5000mAh,"৳ 15,000",Bangladesh
916,TECNO CAMON 16 Premier,"৳ 28,832",(7)Bangladesh
917,Huawei Nova 5T - Smartphone - 6.26  - 8GB RAM - 128GB ROM - 32MP Camera,"৳ 47,999",(2)Bangladesh
918,Samsung Galaxy A32 8GB/128GB,"৳ 27,999",Bangladesh
919,Walton Primo GH10- 2GB32 GB- Lithium-polymer 4000 mAh non-removable,"৳ 7,999",(1)Bangladesh
920,Galaxy S20 FE 6'- 8GB RAM- 128GB ROM,"৳ 63,553",(4)Bangladesh
921,Samsung Galaxy A51 - Android 10; One UI - 6GB/128GB -【100% Premium Quality】Smart Clear View Mirror Case Flip Stand Auto Sleep Leather Phone Cover .....,৳ 750,Bangladesh
922,Walton Primo N4 3GB RAM 32GB ROM,"৳ 10,499",(13)Bangladesh
923,invens Royal R2 Smartphone,"৳ 3,499",(1)Bangladesh
924,BIRD ES5506 Smartphone,"৳ 4,170",(12)Bangladesh
925,Apple iPhone 12 Pro Max 256GB,"৳ 139,999",(1)Bangladesh
926,Protect Cover For Tecno Spark 6 Go Soft Case Clear Transparent Shockproof Car Magnetic Holder Ring Phone Cases Tecno Spark6 Go Back Cover For girls and Boys,৳ 499,China
927,"OPPO A54 6GB128GB- Li-Po 5000 mAh, non-removable","৳ 18,590",Bangladesh
928,"POCO M3 - 4GB RAM/128GB ROM - 48MP AI Triple Camera - 6,000 mAh Battery - Snapdragon 662","৳ 16,301",(58)Bangladesh
929,x cover 5 case carbon fiber texture shockproof cover for samsung galaxy xcover 5 xcover5 sm-g525f/ds soft silicone protect coque,"৳ 1,162",China
930,For Tecno Spark 6 Go case Transparent clear Airbag protector Soft Frame Hard Armor Cover Tecno Spark6 Go Phone case cover For girls and Boys,৳ 559,China
931,Samsung Galaxy A12 (4/64 GB),"৳ 15,000",Bangladesh
932,Titanic T-2 Alpha 5,"৳ 4,999",Bangladesh
933,Huawei Y5p - 2GB Ram/ 32GB Rom,"৳ 8,999",Bangladesh
934,Apple iPhone SE (2020) 64 GB,"৳ 52,999",(1)Bangladesh
935,TECNO SPARK 7 (3+64),"৳ 11,490",(1)Bangladesh
936,Samsung Galaxy A03s 4GB/64GB,"৳ 13,990",Bangladesh
937,Huawei  Y5 2019 - Smartphone - 5.71  - 2GB RAM - 32GB ROM - 13MP Camera,"৳ 10,990",(21)Bangladesh
938,Walton Primo RM4 6pcs combo pack,"৳ 135,000",Bangladesh
939,iPhone 13 256GB,"৳ 116,819",(1)Bangladesh
940,vivo Y15s 3GB/32GB,"৳ 12,990",Bangladesh
941,iPhone 12 64GB,"৳ 99,999",(1)Bangladesh
942,Walton Primo NF5,"৳ 9,000",Bangladesh
943,BiRD F07 Smartphone,"৳ 3,299",(4)Bangladesh
944,Symphony Z10-Smartphone-5.7-3 GB RAM-32GB ROM-16MP Camera-Black,"৳ 12,270",(27)Bangladesh
945,vivo X70 Pro 12GB/256GB,"৳ 72,990",Bangladesh
946,Samsung Galaxy A52 8GB/128GB,"৳ 33,999",Bangladesh
947,invens MAX3 Smartphone,"৳ 4,170",(2)Bangladesh
948,BiRD E4011 Smartphone- 8GB/ 512MB- 1550mAh,"৳ 2,999",(4)Bangladesh
949,invens L2 Smartphone,"৳ 4,450",Bangladesh
950,Titanic T-2 Alpha 4,"৳ 4,999",Bangladesh
951,Walton Phone Primo E12 - 1Gb Ram,"৳ 4,999",(6)Bangladesh
952,Samsung Galaxy A72 8GB/256GB,"৳ 45,999",Bangladesh
953,VIVO V21 8GB RAM/128GB ROM Mobile Phone,"৳ 32,990",(3)Bangladesh
954,Walton Primo H9 Pro,"৳ 9,500",Bangladesh
955,Invens Maxtop1 2GB RAM Smartphone,"৳ 4,170",(2)Bangladesh
956,Walton Primo F10,"৳ 5,999",(2)Bangladesh
957,Samsung Galaxy A12 4GB/128GB,"৳ 16,499",Bangladesh
958,Samsung Galaxy A12 4GB/64GB,"৳ 14,999",Bangladesh
959,Walton Smart Phone Primo D10,"৳ 4,100",Bangladesh
960,Oppo A54 6Gb/128Gb Phone,"৳ 17,990",Bangladesh
961,Vivo v20se 8GB/128GB,"৳ 22,990",Bangladesh
962,WALTON PRIMO GM4,"৳ 7,000",Bangladesh
963,BiRD Smartphone E5018 4G Mobile,"৳ 4,490",Bangladesh
964,Vivo Y53S 8Gb/128Gb,"৳ 22,990",Bangladesh
965,Samsung Galaxy M32 6GB/128GB,"৳ 22,999",Bangladesh
966,iPhone 13 mini 256GB,"৳ 113,999",Bangladesh
967,OPPOF19 6GB/128GB,"৳ 21,999",Bangladesh
968,vivo Y20G - 6GB/128GB - Blue,"৳ 17,990",Bangladesh
969,Vivo V21e 8GB RAM 128GB ROM,"৳ 26,990",Bangladesh
970,Walton Primo H10,"৳ 12,999",Bangladesh
971,vivo Y12A 3GB/32GB,"৳ 12,990",Bangladesh
972,Vivo Y20G 6/128,"৳ 17,990",Bangladesh
973,Walton Primo R6,"৳ 9,599",Bangladesh
974,vivo V20 8GB/128GB,"৳ 27,990",Bangladesh
975,INFINIX HOT 11S (6+128),"৳ 15,990",(1)Bangladesh
976,Walton Primo Rx7 Mini,"৳ 9,499",(1)Bangladesh
977,Walton Primo H8 Pro,"৳ 8,499",Bangladesh
978,OPPO A95 8GB RAM 128GB ROM - 5000 mAh Battery,"৳ 22,990",Bangladesh
979,OPPO F19 6GB/128GB,"৳ 21,990",Bangladesh
980,Vivo Y12A (3/32) - Phantom Black,"৳ 12,990",Bangladesh
981,INFINIX HOT11S,"৳ 14,990",(2)Bangladesh
982,OPPO A54 6 + 128GB Dual SIM android Phone,"৳ 17,990",(2)Bangladesh
983,Walton Primo S7 Pro (6GB+128GB),"৳ 19,999",Bangladesh
984,OPPO F19 6GB+128GB,"৳ 21,890",(2)Bangladesh
985,VIVO Y53S (8+128GB),"৳ 22,980",(1)Bangladesh
986,Infinix Hot 10S  - 4+128 GB,"৳ 13,990",(2)Bangladesh
987,OPPO RENO 6 (8+128GB),"৳ 32,900",Bangladesh
988,Oppo A16 4GB RAM/64GB ROM 5000 mah Battery,"৳ 14,990",(2)Bangladesh
989,Oppo A16-3Gb-32Gb,"৳ 12,990",(2)Bangladesh
990,Walton Primo N4 (4GB RAM /64GB ROM),"৳ 15,000",Bangladesh
991,OPPO F19 PRO 8GB/128GB,"৳ 24,990",(1)Bangladesh
992,OPPO F19 PRO 8GB/128GB - LED flash,"৳ 24,990",(2)Bangladesh
993,Motorola E40 - (4GB/64GB),"৳ 15,563",Bangladesh
994,Samsung Galaxy S22 Ultra,"৳ 128,999",Bangladesh
995,iPhone 13 Pro Max 256GB,"৳ 176,999",(2)Bangladesh
996,iPhone 13 Pro Max 128GB,"৳ 162,999",(5)Bangladesh
997,Samsung Galaxy M40 - Smartphone - 6.3 - 6GB RAM - 128GB ROM - 32MP Camera,"৳ 29,798",Bangladesh
998,Walton MobileFeature Phone ML21,"৳ 9,699",Bangladesh
999,Walton Olvio L50 Feature Phone - Black,"৳ 1,190",Bangladesh
1000,Walton Olvio P17 Feature Phone - Black,"৳ 1,250",Bangladesh
1001,Walton MobileFeature Phone ML21,"৳ 1,190",Bangladesh
1002,ITEL IT5617 Mobile Phone,"৳ 1,599",Bangladesh
1003,Mobile Phone ITEL Power 410,"৳ 1,490",(2)Bangladesh
1004,ITEL IT5608B Mobile Phone,"৳ 1,425",Bangladesh
1005,ITEL IT5608B Mobile Phone,"৳ 1,425",Bangladesh
1006,Itel it2173 Feature Phone Mobile,৳ 999,Bangladesh
1007,Imam i10 Special,"৳ 10,000",Bangladesh
1008,vivo Y21T 4GB/128GB,"৳ 17,800",Bangladesh
